79d5b4ccf11636bcac779e5f626bf51af7654169	refs/heads/gh/comments/1/4741277736
1c1a4a2524dcba3b85015eb002938a21ac4b4688	refs/heads/gh/comments/1/4741483510
7d213fd1a8db61732197d7da99bd49ca87afbd87	refs/heads/gh/comments/1/4741511601
77ef5168783e2bd085b4c45e841d090ef4a0c525	refs/heads/gh/comments/1/4742120862
4eef74ed799f7baf869fc55e82e308a5e75f8213	refs/heads/gh/comments/1/4742199109
89b0b3b2c89d8012445b95205c68930dfc743bbc	refs/heads/gh/comments/1/4747227100
cc40f60e08d50fce6be8b63a1213f277b14ca3e6	refs/heads/gh/comments/1/4747274128
f2d2bfdc654fdd3a085b1f15598c89e397e3cda4	refs/heads/gh/comments/1/4747584097
9ef3e26204d0aa9ba40db177542219c51eb5768a	refs/heads/gh/comments/10/4916485064
1b1b3c0d789f251974a9662a44afeb984051a8af	refs/heads/gh/comments/10/4917047202
984378d3e383aebe72051669eac35c2b7db0d030	refs/heads/gh/comments/10/4917341744
89e7036449704c0c806671e3dee2ea6ec4a522f9	refs/heads/gh/comments/10/4917404300
525d8283b11837e989edcd9a2f46540408262fae	refs/heads/gh/comments/10/4917477155
d94be8a26f0f1aa2a44fe9a9c0be84f4d2a1190a	refs/heads/gh/comments/10/4917514196
00b485dc8c14d9fcc53debad7b2a33ee0b225ced	refs/heads/gh/comments/10/4919114765
1351c3de63bc459e958761c550bea296e73f6841	refs/heads/gh/comments/10/4919117741
cfc2a679893ad8d9e62e8132ac1fa5ede1b4a39c	refs/heads/gh/comments/11/4916986322
d1c3a9f787be3e41056f1f0f75e744a5ef04d0b0	refs/heads/gh/comments/11/4917420101
1229fa4b24c3df729c45ca51a24d86bc01a427cb	refs/heads/gh/comments/11/4917454305
688543630a740a234f5132a7dcfcc98ac9838c9f	refs/heads/gh/comments/11/4917456611
30e6d2bf3f7581f44244dfef464802ed6af0007b	refs/heads/gh/comments/12/4918868400
2b5933eccd982e4f7e37b1afd7f72c32f8ec106f	refs/heads/gh/comments/12/4919402687
f9f64253efe0c6eac117685d435bf9ed41602c2e	refs/heads/gh/comments/12/4919448363
2c790ed04b4a3e5cb3686728a099f43791f919fe	refs/heads/gh/comments/12/4919478840
4dad0b4293feefd4ffea8b2b5f16c371fc5f1b9f	refs/heads/gh/comments/12/4919664079
cc230b81cf87510b2fd9462a4fd6f1cedeeb0225	refs/heads/gh/comments/12/4919687595
a7e1769685548fc2c71996531c9c1d3a56988df0	refs/heads/gh/comments/12/4931556197
46fa6255dcf80db033d7500023285a72fa66e23e	refs/heads/gh/comments/12/4931652843
5194b121ced3969d66900ca0b19e869a2f16273c	refs/heads/gh/comments/13/4923727407
aeeeae75bfe7972dbc7fd67ca7c725a0471534ca	refs/heads/gh/comments/13/4923937015
8ecfec1f74e880ccdc7606d5861983bcf2edeeb8	refs/heads/gh/comments/13/4924061533
54a4f65ec8c25ba20d0576c581ce400b4414014b	refs/heads/gh/comments/13/4924295849
6df87a530f1c38f9cde94badd6f6f37bece520f5	refs/heads/gh/comments/13/4924401302
d5ad2e0d15cdded213701516c64770d86aa5c221	refs/heads/gh/comments/13/4924403355
e7f827c6f4248b55773741672d28d75c72d66592	refs/heads/gh/comments/13/4924665163
97f1a183e0c05de7e5c6fcb212a61032aa25447a	refs/heads/gh/comments/13/4924927235
0db85edc623e8a98344b21e7c8cae4455c5c7913	refs/heads/gh/comments/13/4925162189
54bb303a805a75bb58ed3b1adc93426cb6b5c203	refs/heads/gh/comments/13/4925163897
163fae5bf2f8259e4170fceb227a0da300ae2acc	refs/heads/gh/comments/13/4925265919
943b9dec4dde8367922aa3938d7f5b652da7b0ba	refs/heads/gh/comments/13/4925266259
45c2d8cfa8fad5f5da7bd143f1e1a1c985521655	refs/heads/gh/comments/13/4925430876
8795e4b220de44e3884bb6b86703ebbbf2fe847e	refs/heads/gh/comments/13/4928726280
838744eb1a2de7266204aa5c22dcc1e242bdf6df	refs/heads/gh/comments/13/4928790335
4defa75a48045ace2b389b0e4010aeea9c195c4b	refs/heads/gh/comments/13/4928796509
99c8fa95b7416b8c15fe278e53e076784d125ec3	refs/heads/gh/comments/13/4929040247
28002500a777311a0c0cc97d7dedc029e0725023	refs/heads/gh/comments/13/4929078558
d4f26a09858df1b5c6a7b767a2095d8f16909a77	refs/heads/gh/comments/13/4929082116
1b458c66c2d6c910ff1e435b754736dca2e969c8	refs/heads/gh/comments/14/4923726472
d07861625c17f482853176e28f7b8fcbbcf4fd8e	refs/heads/gh/comments/15/4931821393
ac3a3906bae37e1a1068559f6d2853f8c5b72630	refs/heads/gh/comments/15/4931833740
99c978629c0219e56556b7b94c51d02cccbe781c	refs/heads/gh/comments/15/4931926403
f0456eb0287831f08182428872069b086a1bb2b6	refs/heads/gh/comments/15/4931945078
9766e8e7bd1e3055db0f784347fd3b68569d4717	refs/heads/gh/comments/15/4931949366
6c773b5d2e7c9c41305d16772332fc46cfd6b7cb	refs/heads/gh/comments/15/4932007790
e2ed079a549cfb668f3a32b366aa0f05316102fb	refs/heads/gh/comments/15/4932071088
3b540d3427ecc235334a63332848824bc5ddb921	refs/heads/gh/comments/15/4932109257
2e80ef33640d1bd21fe0f15f9dfe19c5f48d9b97	refs/heads/gh/comments/15/4932128990
9b4f3a72869f26e679f50c0a38bd75ac601150ec	refs/heads/gh/comments/15/4932132803
6dc9e1ee335144d662d2e7b8f7ad3b9bd3f13ce5	refs/heads/gh/comments/15/4932133293
0c79037aa1c519237e87374c03d039384c01d039	refs/heads/gh/comments/16/4932320890
0c5b8e8a671c9942dd4325cdd4d12f250ee55c00	refs/heads/gh/comments/16/4932629607
38cd0271a9c90778370c81602fa76da48a412f6e	refs/heads/gh/comments/16/4932834990
193b2f6d2d97cda0be1721f63945aa3a0407d0ee	refs/heads/gh/comments/16/4932837609
76be676d6e9be224391f5978f564686e915abd45	refs/heads/gh/comments/16/4932838669
761a5f5a3fdb819a5eba400929e3a94a2e107213	refs/heads/gh/comments/17/4934150118
313482e1bc1fc5c9929510d149b454c3498abeed	refs/heads/gh/comments/17/4934417502
3f2a14e3701fff96f6636d1cd8e486a0fd9f6547	refs/heads/gh/comments/17/4934425183
56a27585a4e314a23df8111b2c1ddceff519f0e4	refs/heads/gh/comments/17/4936661494
7db3392a8a708bcece70aac43d08762d1a787b44	refs/heads/gh/comments/17/4937259356
c392224284a570548104c1239ec23c7d411880a1	refs/heads/gh/comments/18/4939374924
ed6eda9b9f2580dadbeed95306d0a625debea3e6	refs/heads/gh/comments/18/4939677902
5c37d67272020f3e65122f264c52e47e0a5c206a	refs/heads/gh/comments/18/4939748810
b82bd1989bea84c03ab9446871809aa89a48ea9b	refs/heads/gh/comments/19/4939917847
1de263cb174d2546dd671dfb8c20d328087566ba	refs/heads/gh/comments/19/4939999974
2235bdcb23e20e2f51a263f7ff515005ba0f42f0	refs/heads/gh/comments/19/4940897781
753833b213632c4713d14821292a3817eff01b4b	refs/heads/gh/comments/19/4940942157
58190bf68232cf33ca5a71e14edb649980336ce5	refs/heads/gh/comments/19/4943465902
861e5bd0987478193afcb2381e91a0d7a6708600	refs/heads/gh/comments/19/5014291869
9bfd96b150878f37f1e53f1f03779c60ed205fca	refs/heads/gh/comments/2/4741227848
d1397fa76cb8780bbc0b90cc83b36141a33d798b	refs/heads/gh/comments/2/4741445970
c3ddc726deedbcc496920b1dd900bdcadfef0be1	refs/heads/gh/comments/2/4744603886
e315247821ccabe2c4d3aec08d4e7a8d63a62774	refs/heads/gh/comments/2/4745052602
d07f9644c4d341684732ba85e8129085c1064730	refs/heads/gh/comments/2/4745336702
b8ca029d709c78e20ef92cf8bee0ac4851d98c77	refs/heads/gh/comments/2/4745534120
f058fc6336899c1ec3b184d27ee90de2e7e87988	refs/heads/gh/comments/21/5003485500
266d3b8b71112c74374684c827c13dbc059432d1	refs/heads/gh/comments/21/5003594626
a116278afcf091ff6d7851a32202f8e84c48ac7f	refs/heads/gh/comments/21/5003938017
0c5a76adfedd40315bad553fa34fd0163c9068da	refs/heads/gh/comments/21/5004061688
e8c276a9bdac5e4af2a55c5f153300c98502a6e0	refs/heads/gh/comments/21/5004113945
b0ebbfaf16f25ddcd8d93eb49fb002aba9e1223a	refs/heads/gh/comments/21/5004858798
d39ed705d3947614aa23b536b54eed0d6d3d9c31	refs/heads/gh/comments/21/5004861602
cc65cc43cf5b7edc5200e0536b930f8b548ad041	refs/heads/gh/comments/21/5009899766
4c39b3245775341f3bc28387f7fcd52a06bc4af2	refs/heads/gh/comments/21/5010319580
74f36a7f3e4ec6b4d8aa8e584c410fa96d76fbb5	refs/heads/gh/comments/21/5010853384
f00748df7df48916b3339896d7f90068c2782eaa	refs/heads/gh/comments/21/5011190908
abd88a515c5995427def6033ea3051f2184a7ff4	refs/heads/gh/comments/21/5014150345
fdee815df3f817e314028c37cd6fdaa1640f85a8	refs/heads/gh/comments/23/5011389352
44f18657c32589c0bf9f41ba726eeb5dc3f020c6	refs/heads/gh/comments/23/5072100081
b68cd9a5cf7b32f33c2d177d9a30c76b5b1bb66c	refs/heads/gh/comments/25/5011732892
5e7164494222fe36c53d344aab7aea6ae3ca44bf	refs/heads/gh/comments/26/5011825837
8e17c64e439e4654156f59d3b9e2eb7f4d9f626d	refs/heads/gh/comments/27/5011948163
f1e72718ad7aef274a69c11ab341378abe8a6170	refs/heads/gh/comments/28/5012117345
c53b85da2675d19646f8e01118061c1dd58cf301	refs/heads/gh/comments/29/5012223814
1f8826a2aafb4cb2cbf8998bb3fdd5f4026373fb	refs/heads/gh/comments/3/4758794235
e3eac28a87c42ff6a2a6e27f9ad152536000355f	refs/heads/gh/comments/3/4759385480
ac4658c5e6e340695fa25b6c0283f3d5d4d4b65f	refs/heads/gh/comments/3/4760180209
18810fd84e543759b4b1cab74cb3f19d3b0df9cb	refs/heads/gh/comments/3/4888781333
d23c63da5714bf8be88e0f552746d07bf97ca1d6	refs/heads/gh/comments/3/4930101637
a0c24087dde7edce6a81f89e7bc422fe2f8a91ff	refs/heads/gh/comments/30/5012430534
391a2bdc3c8240aed15aff0dca2e86133eba65c2	refs/heads/gh/comments/30/5013746401
c3c32b7b91fbc44450d3e533ed0546a6234bf332	refs/heads/gh/comments/31/5012549736
ca70195b26ff71ea3920435fb4fb232981734650	refs/heads/gh/comments/32/5012602954
0915679c832f64c908b13f54811d40ccfd4e7831	refs/heads/gh/comments/33/5012720121
2a33945f15a91f14f0f8de40c16bc34b41562a68	refs/heads/gh/comments/33/5012737715
d5152a80bcf61d8903ff96f5d1ea5051570f06cd	refs/heads/gh/comments/34/5013092595
393ebc9f76e5cae03e1f9c1d5c402553defe00de	refs/heads/gh/comments/35/5013620910
fb99ce0d3ed54ae0c5ee16376ef9ba8ffaa65f8e	refs/heads/gh/comments/35/5013637007
063074d8c3f8801d3003c1df89c7e5f688d487c1	refs/heads/gh/comments/36/5013714784
7b966067e4d298ef166b83d1cf358d6c1f75dbbf	refs/heads/gh/comments/36/5014088047
3d1d22d95a4e80b806614e42ab8a2459690f0393	refs/heads/gh/comments/37/5013909651
dd0355b32ca56e28f8593be151792f45b87a5ccc	refs/heads/gh/comments/37/5014017768
807a739158b137d911eb651b1e69218a3acf84aa	refs/heads/gh/comments/37/5014176562
70005ab62978cf69639d2ade50edbfe98b9a6538	refs/heads/gh/comments/37/5014324330
4949fcda53e81799cea1fff0c0c54814c884abb0	refs/heads/gh/comments/37/5014722734
d98f2f59ad46811d6969b68091fc6c33850ba885	refs/heads/gh/comments/37/5015568627
284dec702b25055bd3c9312850da9b952395299f	refs/heads/gh/comments/38/5014238191
47b946cd7af082b9d3aac5ecebe3097a92f5fcaf	refs/heads/gh/comments/38/5014295171
2c913729621b99b7fb1de8628770eb0cc8b60126	refs/heads/gh/comments/39/5014416896
211b0810ff9bf15fd9d99f0f57eee7b3b3c73482	refs/heads/gh/comments/39/5014545622
315ec48a71ac178dd718b5110f4046780095f709	refs/heads/gh/comments/4/4758868412
6be561dea8db7f0fe6b1b392ec15e7d8f829e708	refs/heads/gh/comments/4/4759735374
a304bb14410ca99bb300fa0b4f21aaff3defb127	refs/heads/gh/comments/40/5014660882
b4414196283b2b7a4e0bbef5636cbae9651354e4	refs/heads/gh/comments/40/5014712794
cc14d6f39f8e92ce0b9ca7f99f405ccf1c1fb3f0	refs/heads/gh/comments/41/5014841222
9f7e134e75e0811e87709f298d01a23eb2ef9254	refs/heads/gh/comments/41/5014855394
14cfa2c2107d6eca52ef07fdcac9d1366fa6ff00	refs/heads/gh/comments/42/5015072637
3a626b799cd00f80502699beb5b5a13a106ae36e	refs/heads/gh/comments/42/5015339958
ec257405ee00b9fe13410c84a98e8ac8c114fd79	refs/heads/gh/comments/43/5015140814
d3266f70b77874a9718952fbe1b105fbfaa0362d	refs/heads/gh/comments/44/5015141099
b5b73c30d52e51b9d88e8738e1e498e685740a44	refs/heads/gh/comments/44/5015173220
1d538c453cb23a632b074f416b0c1bc432bfe2d6	refs/heads/gh/comments/45/5015211839
5daefb7739fe6cfebc43693ddd7ce86f517297a3	refs/heads/gh/comments/45/5015217581
3b5f9e4740ca9df8e6a1a1d1bd76da8488cbdf46	refs/heads/gh/comments/46/5015212010
6745d8399656645512b1e09874df6fd105ff0e46	refs/heads/gh/comments/46/5015281777
89e647d33427bf352a202e10693d029535af0ff4	refs/heads/gh/comments/47/5015327651
fd88f811dcfd1ec9d3037d7716b7147a5129fee4	refs/heads/gh/comments/47/5015381891
690163d381d4559d8abc8c056939045633fd0a73	refs/heads/gh/comments/48/5015389585
a11c466f51d4fbdbc4b94d14e52e6a1a8864610b	refs/heads/gh/comments/48/5015425205
ed0a328ab3041a860b2e00b3cbc8db7a3e1bbce4	refs/heads/gh/comments/49/5015431112
e6f32ac452818d5998b4f9fa8a018c024fa24af8	refs/heads/gh/comments/49/5015445557
6b63c113fd369b2889019795eff5e13258d05ff9	refs/heads/gh/comments/5/4890736211
c50164bd43a030c4a01fa2e3a4df653e5765e30b	refs/heads/gh/comments/5/4891139032
967bdd69625e4ada092126ff88b1abb134fdd4bf	refs/heads/gh/comments/5/4891174771
24bb9365d9c04f8f59066e15d358201af498183b	refs/heads/gh/comments/5/4906291909
a402559290b1197e3e737e93711263d2312b7cdb	refs/heads/gh/comments/5/4930122145
1a6a11d1bff0f463fa7d6d37b8da574949cb2e49	refs/heads/gh/comments/5/4930124641
d52aeb990fbb280b616a159fecf74029480c0526	refs/heads/gh/comments/50/5015479768
46f0cbec4c5612ba302ccb8b3c1d111347b6a605	refs/heads/gh/comments/50/5015486261
9cbbd5b4d0bb297fc251910d07846f6fa28739eb	refs/heads/gh/comments/51/5015502937
939764eba320f75b538647f48971991ff6e2bb0d	refs/heads/gh/comments/51/5015554038
a5ea775d37a731cbf10cbbc3ba8276668c8bfce2	refs/heads/gh/comments/52/5015523230
8da5c7190569b8a7eefcd4fd591c6e51d6b96668	refs/heads/gh/comments/52/5015532008
597c4101ac0c3d4e8de877715d49447195941777	refs/heads/gh/comments/52/5015568631
5d342ade437727db3b5218c98110d39151d0a5fd	refs/heads/gh/comments/53/5015584068
9007884a6e974673ff87fc9040ff8ac3ef514144	refs/heads/gh/comments/53/5015611908
9edc1bc05351be4f1dac4e0fa2339c438b3c237d	refs/heads/gh/comments/54/5015660984
2e2bbcd7224e87e7a52559c9a3b313761b1e003e	refs/heads/gh/comments/54/5015826025
2109bb985d5fea0d1a2300847594a463f00f0abe	refs/heads/gh/comments/55/5015847636
537aec96db6b0fc7a492ad76937c0266d3ca26e5	refs/heads/gh/comments/55/5015992147
eb4cd771df3e753553992ae24297042f96e07e6e	refs/heads/gh/comments/56/5016003248
1314bcf57c66b4ee956a0452ac9c45c8adcb5e84	refs/heads/gh/comments/56/5016101154
ce49933509147f4dae502ef8d9e57963f0a7aba1	refs/heads/gh/comments/57/5016114252
21b2a79756a182519ed9b711a581862ee4c497d5	refs/heads/gh/comments/58/5016295423
f790bc29afbfef829da37665f5a0da3041065dc8	refs/heads/gh/comments/58/5016688367
e98b9517a0523f99735d34484554ac7df45d2734	refs/heads/gh/comments/59/5016507289
12ced23e0dbde83481ee347fca9d079587397016	refs/heads/gh/comments/59/5016954633
48d45cdc3d7c07dbbeabf8d48864bae3e56cd724	refs/heads/gh/comments/59/5017332530
57f5bb9c5a01dfc6d227f3250e0208fc9ccf2aa5	refs/heads/gh/comments/59/5017337802
79a90c39e3a7e9f1cf2d6451dc0dfe827915b842	refs/heads/gh/comments/6/4891385322
962aed1fd3767e5feb079781ed529a5f7b996649	refs/heads/gh/comments/6/4891544049
4f0a18b7592aa3e3bf016e06be484f00d0a8c0ed	refs/heads/gh/comments/6/4891593104
e6094278bf3653b60403b52ea59fecc96889d264	refs/heads/gh/comments/6/4891596910
a6383beb480a3e6f9ed979dc042bdbae4c6e6f1b	refs/heads/gh/comments/6/4891614277
85710bf0a4d5dc69e92bfb2dc686a1fab42e586b	refs/heads/gh/comments/6/4892409677
52a42cbd3329b8425003ddd43858c3516746d78e	refs/heads/gh/comments/6/4908349610
4075d9c5e5e298fccdf54101d329b0afa1a401b6	refs/heads/gh/comments/6/4909110588
0f13ca2fd75be2f3d93a7ac5739206e97dbf08b8	refs/heads/gh/comments/6/4909181242
cef1d93753eae7c176c3bef6f5917b706594a7b2	refs/heads/gh/comments/6/4909188290
c4269adee6d8b23f151b8dac58b6856198a47a42	refs/heads/gh/comments/6/4909231367
0f5256e4b7215ff0afa9d901a605becc876f3e17	refs/heads/gh/comments/6/4909243809
397ad91b65336a03cb1de84f53214814bd985b57	refs/heads/gh/comments/60/5016816754
154d4d6b065e123906438d3919a5c71e07a18ffb	refs/heads/gh/comments/60/5017103596
485ff5d86d49bc8bceac3cfdb1d6ac3ba73c3d7d	refs/heads/gh/comments/61/5017263701
b2b83df931ce0f26179a14a43be8e8a899609721	refs/heads/gh/comments/61/5017297840
961cb1675bd2bf88686ece65a085e22122977cfb	refs/heads/gh/comments/62/5017335122
737e154feb62e70b4db9ff1079ba68d1df9c83a2	refs/heads/gh/comments/63/5018867348
96df1a736078717e656e41e07ec1634ebbf7f1fd	refs/heads/gh/comments/64/5020151057
26b1692957f1374c78ca3350f7e751c2e4c1784b	refs/heads/gh/comments/64/5020237797
0ac39e0a730897229de23b65ec2c8a24adec5905	refs/heads/gh/comments/65/5020358695
e497de8a8fbdfaac1af0e030e3fbf71ef9e1b408	refs/heads/gh/comments/65/5020387259
a5d87a61ee27c70a8e35c474ac0270500dd67c95	refs/heads/gh/comments/66/5020499948
d92c58e2a53ddd97127b8250e37de2eeeda36180	refs/heads/gh/comments/66/5020537555
899af30234626a819014bb8ef951e3b84b0f618d	refs/heads/gh/comments/67/5021344991
2c0071cdb5ecf25d5b4f345b7da099c21a8cb6f7	refs/heads/gh/comments/67/5023532435
3e2ffaf7a181cb8d367f364bdb0e3c4898855a68	refs/heads/gh/comments/68/5024071895
3c3caee99ebc1576fa1dee0e05faf67c52b34498	refs/heads/gh/comments/68/5024084154
a1464ea58cfe6d1e3ab554d7e3396e42504f2ce0	refs/heads/gh/comments/68/5034441739
32c50d0f40879cb039697a8d47b5c93d37c7e3a6	refs/heads/gh/comments/68/5064589006
54684b1d94a1f446c3eafac7bf889c3da6d44b06	refs/heads/gh/comments/69/5064692043
5412bf73ac3b14fd66e877a6c8c07c6a6e53a8bb	refs/heads/gh/comments/69/5065041600
a5af0253fd076bc8ee2f687c7348f6b8c831697d	refs/heads/gh/comments/7/4892363987
c2b2c3dc1472f241c9cdacb52e9aadc2fad87388	refs/heads/gh/comments/7/4909314310
3778dcaa33988ad1d28fa5bd751411b0dcd6d9c1	refs/heads/gh/comments/7/4909316450
73e16b8481e004fe2cfd82cfb57086098fa50f84	refs/heads/gh/comments/7/4909967621
873c458d9596af3139faa050a080edf88fb7de67	refs/heads/gh/comments/70/5064737824
1341bf65ec3dda12497271c96ca4f050bc6adf47	refs/heads/gh/comments/70/5065416254
3d05d0663bd79b358df28bf09ed9f17ec5743406	refs/heads/gh/comments/71/5066931875
1ad90957d87157528b99c55356d1ee0bec096737	refs/heads/gh/comments/71/5067266829
a52a86a315a97f4d91d4b0986a61a1d86853dd3d	refs/heads/gh/comments/71/5067339238
1569a63547c7ac251d1861cd7d28752b17c4e28f	refs/heads/gh/comments/71/5067796760
92832ab23421e51175f8942f55381d19b283498e	refs/heads/gh/comments/71/5068337662
0a44ec07df55b3369019be39adebed5a4ecfbd24	refs/heads/gh/comments/71/5068388563
4364f12bbfb2f337b4683005b9bdf83150145f35	refs/heads/gh/comments/72/5066824025
119c2d5bfa9ec4653605a7f1255314b6ee3c8591	refs/heads/gh/comments/72/5066897643
556846cef4af792bdaeb9121bad0cee2a5153376	refs/heads/gh/comments/73/5068635703
ac4bc0fd1a8d2c9e38fc3cf15437965de554cd76	refs/heads/gh/comments/73/5070981285
e3935f05cec68afdfc06d1cafb446f6bf810af91	refs/heads/gh/comments/73/5071536794
1c86d59f691bfc3e5f7112fc1c0582ec4dc60d57	refs/heads/gh/comments/73/5071569157
4dc95e67e339d0571e6ebeaf90a6bdbaefdbd72b	refs/heads/gh/comments/73/5071575928
f0d1e2231098d2eebd5e975452d3e093b8a9818e	refs/heads/gh/comments/73/5071603707
e1ec71d745c327919dcb33d9d64247d0c1635d5b	refs/heads/gh/comments/73/5071643251
c7f19b85362317205e53f9dae6e0cf363891d55b	refs/heads/gh/comments/73/5072622998
a3b10f8a4a714e09bc7b7e11a063bd3425e16a59	refs/heads/gh/comments/73/5072984146
4b005a3f8e1f6198e339168f1ad840e72551fc47	refs/heads/gh/comments/73/5073030060
bfa176b771baced332a37f2d1a918246b0e39a95	refs/heads/gh/comments/73/5074275860
1a069a6780b378f84fac5bb8d8e89bd98fe60299	refs/heads/gh/comments/73/5075421417
991319fab26114d8f8821240985e464b95c2c0c7	refs/heads/gh/comments/73/5075555131
0c1509587846584d500a09a1b23a64f12b079cfe	refs/heads/gh/comments/73/5075596647
225759f10a00218eb0fb9667fadefafdc672e8fe	refs/heads/gh/comments/73/5075756044
0557fa2cba44cbd1dd3b578ca0893db860923e10	refs/heads/gh/comments/73/5075787004
c84b71e7b8efa1f133b41cb01fa1c85b82144167	refs/heads/gh/comments/73/5075808624
9ea19057f7849aa2ae10cdb31afafbf6a8274c09	refs/heads/gh/comments/73/5075827397
f12a7921d0b72c1642a5036701afbbcc1a612c28	refs/heads/gh/comments/73/5075847238
06629d3726671a5bde88ae6affb6ee9e73ae109b	refs/heads/gh/comments/73/5075865460
df9c938132178bf4bc4015f921106de284734b61	refs/heads/gh/comments/73/5075873444
7857da7cbed0be5049cb3be978f21ab97e8a2164	refs/heads/gh/comments/73/5076579412
906155d3b7e1aa3d652febe65d08fc09d1bafa14	refs/heads/gh/comments/73/5077379511
6b48dd88e8dc989553d3a48cfc1a8b95b3d53a57	refs/heads/gh/comments/76/5072493568
71e083350b98116ae076a25aafb1741af1d114e8	refs/heads/gh/comments/76/5072658230
e4834823da12bef3b76320bdf1e06008ecc5cefb	refs/heads/gh/comments/76/5073061452
7dbbc94ab13f3c0d0aad9f1d932f10d2512dd008	refs/heads/gh/comments/76/5073277018
07b371ad81b3759b6f85498d9801664840f00178	refs/heads/gh/comments/76/5073384925
f255fca9c12cb6a8195f92ec63694648f3e5e828	refs/heads/gh/comments/76/5075547376
7fa126e200f07d115dd8f3162a682ef3ab5e76a6	refs/heads/gh/comments/76/5075766567
eace0f85a8a0d6f3994093ecbf6872fd812f3762	refs/heads/gh/comments/76/5076141019
9388cbb8813f70a954eddfbbf4c63cf3b61fcd45	refs/heads/gh/comments/76/5076432932
182ca31a31640a7667a27ecb9729c70c1a16ab7a	refs/heads/gh/comments/76/5076513590
48391e78c90289733404cfb91593ce035a9810b5	refs/heads/gh/comments/76/5076557657
fce7e1a50bb93bdfc3e8320b3d3866c998695fcd	refs/heads/gh/comments/76/5076609384
54830621097ddd251fb0ac72aa303db9ed1b0e0c	refs/heads/gh/comments/76/5076661721
b21e270169ba47727aa706a9df7027830eb8bb4f	refs/heads/gh/comments/76/5076761504
5f10c84f9a1d9d873c429a95c77f5c9d20911534	refs/heads/gh/comments/76/5076853174
7590f0807f452c5bba1dd68017c6824340353806	refs/heads/gh/comments/76/5076985556
ca412f566ba8d0d3426a470470cbcb75d984dbfa	refs/heads/gh/comments/76/5077051853
2f55c37caaa3f7b7fd9951ae0d0b38045f4d129d	refs/heads/gh/comments/76/5077116481
8f4d61cd52ddf580770b3839561f26ea89907a44	refs/heads/gh/comments/76/5077166990
cdf1cf7e1cf2494d0c30d4502d67bb9b72786816	refs/heads/gh/comments/76/5077250387
ea4d9c50343d9acd05227fad1325202455555606	refs/heads/gh/comments/76/5077349394
0716b9dadddaeabc916623d3d9b98c301c3e4257	refs/heads/gh/comments/76/5077439745
63079051caa4b7ef17804dd3b2f40df3f2474f60	refs/heads/gh/comments/76/5077501626
fcd1a6f1ba4a15ceb0731fe50bd2148539f7c24b	refs/heads/gh/comments/76/5077552938
f00f3cc0b38f10b4073f7d8084cf37a4625847fc	refs/heads/gh/comments/76/5077807483
cddd264f6f8c1405254c12d99d8950282790f1aa	refs/heads/gh/comments/76/5077977144
8f98222297170383f490c6aed3504240dee5c7f8	refs/heads/gh/comments/77/5076842977
8e4585cbc5cd70225eea1167a6d4dd87ae7c96c5	refs/heads/gh/comments/78/5077568672
6b5f0aabdd568a50c2abc8ca33518be2596e27a3	refs/heads/gh/comments/79/5077972935
b15e75286b5149f2b39935753635c7e11edcfa56	refs/heads/gh/comments/8/4914200200
fc12320e00749fe72f1d4415b4c8ab27d96f0361	refs/heads/gh/comments/8/4914243441
e1aa8cd4d1c3cc85526fb2e5ba700e811b07c030	refs/heads/gh/comments/8/4914246688
e16ab6e1a8c1175669775e2043512d4294813366	refs/heads/gh/comments/9/4914314198
9ca9a9bbd2fd09c23a6cdcf48674714d441b4730	refs/heads/gh/comments/9/4914556248
4a3e9eb362bf0b9e7b918b98664d738cf63ff790	refs/heads/gh/comments/9/4916018029
ab9b62ce320430646c9a31e1c3c2a24359277f15	refs/heads/gh/comments/9/4916021915
a402559290b1197e3e737e93711263d2312b7cdb	refs/heads/tasks/completions/5/virusdave/top-level/38/1f8b906524d302ac79b4e41d1d3e5b052d74cde9
e0611ff6d57168859cd32fa0f907841cf3360ddf	refs/heads/tasks/delegated/5/virusdave/top-level/38
