1c1a4a2524dcba3b85015eb002938a21ac4b4688	refs/heads/gh/comments/1/4741483510
77ef5168783e2bd085b4c45e841d090ef4a0c525	refs/heads/gh/comments/1/4742120862
89b0b3b2c89d8012445b95205c68930dfc743bbc	refs/heads/gh/comments/1/4747227100
f9f64253efe0c6eac117685d435bf9ed41602c2e	refs/heads/gh/comments/12/4919448363
a7e1769685548fc2c71996531c9c1d3a56988df0	refs/heads/gh/comments/12/4931556197
99c978629c0219e56556b7b94c51d02cccbe781c	refs/heads/gh/comments/15/4931926403
c392224284a570548104c1239ec23c7d411880a1	refs/heads/gh/comments/18/4939374924
ed6eda9b9f2580dadbeed95306d0a625debea3e6	refs/heads/gh/comments/18/4939677902
5c37d67272020f3e65122f264c52e47e0a5c206a	refs/heads/gh/comments/18/4939748810
b82bd1989bea84c03ab9446871809aa89a48ea9b	refs/heads/gh/comments/19/4939917847
1de263cb174d2546dd671dfb8c20d328087566ba	refs/heads/gh/comments/19/4939999974
2235bdcb23e20e2f51a263f7ff515005ba0f42f0	refs/heads/gh/comments/19/4940897781
753833b213632c4713d14821292a3817eff01b4b	refs/heads/gh/comments/19/4940942157
58190bf68232cf33ca5a71e14edb649980336ce5	refs/heads/gh/comments/19/4943465902
861e5bd0987478193afcb2381e91a0d7a6708600	refs/heads/gh/comments/19/5014291869
c3ddc726deedbcc496920b1dd900bdcadfef0be1	refs/heads/gh/comments/2/4744603886
b8ca029d709c78e20ef92cf8bee0ac4851d98c77	refs/heads/gh/comments/2/4745534120
f058fc6336899c1ec3b184d27ee90de2e7e87988	refs/heads/gh/comments/21/5003485500
266d3b8b71112c74374684c827c13dbc059432d1	refs/heads/gh/comments/21/5003594626
a116278afcf091ff6d7851a32202f8e84c48ac7f	refs/heads/gh/comments/21/5003938017
0c5a76adfedd40315bad553fa34fd0163c9068da	refs/heads/gh/comments/21/5004061688
e8c276a9bdac5e4af2a55c5f153300c98502a6e0	refs/heads/gh/comments/21/5004113945
b0ebbfaf16f25ddcd8d93eb49fb002aba9e1223a	refs/heads/gh/comments/21/5004858798
d39ed705d3947614aa23b536b54eed0d6d3d9c31	refs/heads/gh/comments/21/5004861602
cc65cc43cf5b7edc5200e0536b930f8b548ad041	refs/heads/gh/comments/21/5009899766
4c39b3245775341f3bc28387f7fcd52a06bc4af2	refs/heads/gh/comments/21/5010319580
74f36a7f3e4ec6b4d8aa8e584c410fa96d76fbb5	refs/heads/gh/comments/21/5010853384
f00748df7df48916b3339896d7f90068c2782eaa	refs/heads/gh/comments/21/5011190908
abd88a515c5995427def6033ea3051f2184a7ff4	refs/heads/gh/comments/21/5014150345
fdee815df3f817e314028c37cd6fdaa1640f85a8	refs/heads/gh/comments/23/5011389352
b68cd9a5cf7b32f33c2d177d9a30c76b5b1bb66c	refs/heads/gh/comments/25/5011732892
5e7164494222fe36c53d344aab7aea6ae3ca44bf	refs/heads/gh/comments/26/5011825837
8e17c64e439e4654156f59d3b9e2eb7f4d9f626d	refs/heads/gh/comments/27/5011948163
f1e72718ad7aef274a69c11ab341378abe8a6170	refs/heads/gh/comments/28/5012117345
c53b85da2675d19646f8e01118061c1dd58cf301	refs/heads/gh/comments/29/5012223814
ac4658c5e6e340695fa25b6c0283f3d5d4d4b65f	refs/heads/gh/comments/3/4760180209
18810fd84e543759b4b1cab74cb3f19d3b0df9cb	refs/heads/gh/comments/3/4888781333
a0c24087dde7edce6a81f89e7bc422fe2f8a91ff	refs/heads/gh/comments/30/5012430534
391a2bdc3c8240aed15aff0dca2e86133eba65c2	refs/heads/gh/comments/30/5013746401
c3c32b7b91fbc44450d3e533ed0546a6234bf332	refs/heads/gh/comments/31/5012549736
ca70195b26ff71ea3920435fb4fb232981734650	refs/heads/gh/comments/32/5012602954
0915679c832f64c908b13f54811d40ccfd4e7831	refs/heads/gh/comments/33/5012720121
2a33945f15a91f14f0f8de40c16bc34b41562a68	refs/heads/gh/comments/33/5012737715
d5152a80bcf61d8903ff96f5d1ea5051570f06cd	refs/heads/gh/comments/34/5013092595
393ebc9f76e5cae03e1f9c1d5c402553defe00de	refs/heads/gh/comments/35/5013620910
fb99ce0d3ed54ae0c5ee16376ef9ba8ffaa65f8e	refs/heads/gh/comments/35/5013637007
063074d8c3f8801d3003c1df89c7e5f688d487c1	refs/heads/gh/comments/36/5013714784
7b966067e4d298ef166b83d1cf358d6c1f75dbbf	refs/heads/gh/comments/36/5014088047
3d1d22d95a4e80b806614e42ab8a2459690f0393	refs/heads/gh/comments/37/5013909651
dd0355b32ca56e28f8593be151792f45b87a5ccc	refs/heads/gh/comments/37/5014017768
807a739158b137d911eb651b1e69218a3acf84aa	refs/heads/gh/comments/37/5014176562
70005ab62978cf69639d2ade50edbfe98b9a6538	refs/heads/gh/comments/37/5014324330
4949fcda53e81799cea1fff0c0c54814c884abb0	refs/heads/gh/comments/37/5014722734
d98f2f59ad46811d6969b68091fc6c33850ba885	refs/heads/gh/comments/37/5015568627
284dec702b25055bd3c9312850da9b952395299f	refs/heads/gh/comments/38/5014238191
47b946cd7af082b9d3aac5ecebe3097a92f5fcaf	refs/heads/gh/comments/38/5014295171
2c913729621b99b7fb1de8628770eb0cc8b60126	refs/heads/gh/comments/39/5014416896
211b0810ff9bf15fd9d99f0f57eee7b3b3c73482	refs/heads/gh/comments/39/5014545622
a304bb14410ca99bb300fa0b4f21aaff3defb127	refs/heads/gh/comments/40/5014660882
b4414196283b2b7a4e0bbef5636cbae9651354e4	refs/heads/gh/comments/40/5014712794
cc14d6f39f8e92ce0b9ca7f99f405ccf1c1fb3f0	refs/heads/gh/comments/41/5014841222
9f7e134e75e0811e87709f298d01a23eb2ef9254	refs/heads/gh/comments/41/5014855394
14cfa2c2107d6eca52ef07fdcac9d1366fa6ff00	refs/heads/gh/comments/42/5015072637
3a626b799cd00f80502699beb5b5a13a106ae36e	refs/heads/gh/comments/42/5015339958
ec257405ee00b9fe13410c84a98e8ac8c114fd79	refs/heads/gh/comments/43/5015140814
d3266f70b77874a9718952fbe1b105fbfaa0362d	refs/heads/gh/comments/44/5015141099
b5b73c30d52e51b9d88e8738e1e498e685740a44	refs/heads/gh/comments/44/5015173220
1d538c453cb23a632b074f416b0c1bc432bfe2d6	refs/heads/gh/comments/45/5015211839
5daefb7739fe6cfebc43693ddd7ce86f517297a3	refs/heads/gh/comments/45/5015217581
3b5f9e4740ca9df8e6a1a1d1bd76da8488cbdf46	refs/heads/gh/comments/46/5015212010
6745d8399656645512b1e09874df6fd105ff0e46	refs/heads/gh/comments/46/5015281777
89e647d33427bf352a202e10693d029535af0ff4	refs/heads/gh/comments/47/5015327651
fd88f811dcfd1ec9d3037d7716b7147a5129fee4	refs/heads/gh/comments/47/5015381891
690163d381d4559d8abc8c056939045633fd0a73	refs/heads/gh/comments/48/5015389585
a11c466f51d4fbdbc4b94d14e52e6a1a8864610b	refs/heads/gh/comments/48/5015425205
ed0a328ab3041a860b2e00b3cbc8db7a3e1bbce4	refs/heads/gh/comments/49/5015431112
e6f32ac452818d5998b4f9fa8a018c024fa24af8	refs/heads/gh/comments/49/5015445557
a402559290b1197e3e737e93711263d2312b7cdb	refs/heads/gh/comments/5/4930122145
d52aeb990fbb280b616a159fecf74029480c0526	refs/heads/gh/comments/50/5015479768
46f0cbec4c5612ba302ccb8b3c1d111347b6a605	refs/heads/gh/comments/50/5015486261
9cbbd5b4d0bb297fc251910d07846f6fa28739eb	refs/heads/gh/comments/51/5015502937
939764eba320f75b538647f48971991ff6e2bb0d	refs/heads/gh/comments/51/5015554038
a5ea775d37a731cbf10cbbc3ba8276668c8bfce2	refs/heads/gh/comments/52/5015523230
8da5c7190569b8a7eefcd4fd591c6e51d6b96668	refs/heads/gh/comments/52/5015532008
597c4101ac0c3d4e8de877715d49447195941777	refs/heads/gh/comments/52/5015568631
5d342ade437727db3b5218c98110d39151d0a5fd	refs/heads/gh/comments/53/5015584068
9007884a6e974673ff87fc9040ff8ac3ef514144	refs/heads/gh/comments/53/5015611908
9edc1bc05351be4f1dac4e0fa2339c438b3c237d	refs/heads/gh/comments/54/5015660984
2e2bbcd7224e87e7a52559c9a3b313761b1e003e	refs/heads/gh/comments/54/5015826025
2109bb985d5fea0d1a2300847594a463f00f0abe	refs/heads/gh/comments/55/5015847636
537aec96db6b0fc7a492ad76937c0266d3ca26e5	refs/heads/gh/comments/55/5015992147
eb4cd771df3e753553992ae24297042f96e07e6e	refs/heads/gh/comments/56/5016003248
1314bcf57c66b4ee956a0452ac9c45c8adcb5e84	refs/heads/gh/comments/56/5016101154
ce49933509147f4dae502ef8d9e57963f0a7aba1	refs/heads/gh/comments/57/5016114252
21b2a79756a182519ed9b711a581862ee4c497d5	refs/heads/gh/comments/58/5016295423
f790bc29afbfef829da37665f5a0da3041065dc8	refs/heads/gh/comments/58/5016688367
e98b9517a0523f99735d34484554ac7df45d2734	refs/heads/gh/comments/59/5016507289
12ced23e0dbde83481ee347fca9d079587397016	refs/heads/gh/comments/59/5016954633
48d45cdc3d7c07dbbeabf8d48864bae3e56cd724	refs/heads/gh/comments/59/5017332530
57f5bb9c5a01dfc6d227f3250e0208fc9ccf2aa5	refs/heads/gh/comments/59/5017337802
397ad91b65336a03cb1de84f53214814bd985b57	refs/heads/gh/comments/60/5016816754
154d4d6b065e123906438d3919a5c71e07a18ffb	refs/heads/gh/comments/60/5017103596
485ff5d86d49bc8bceac3cfdb1d6ac3ba73c3d7d	refs/heads/gh/comments/61/5017263701
b2b83df931ce0f26179a14a43be8e8a899609721	refs/heads/gh/comments/61/5017297840
961cb1675bd2bf88686ece65a085e22122977cfb	refs/heads/gh/comments/62/5017335122
737e154feb62e70b4db9ff1079ba68d1df9c83a2	refs/heads/gh/comments/63/5018867348
96df1a736078717e656e41e07ec1634ebbf7f1fd	refs/heads/gh/comments/64/5020151057
26b1692957f1374c78ca3350f7e751c2e4c1784b	refs/heads/gh/comments/64/5020237797
0ac39e0a730897229de23b65ec2c8a24adec5905	refs/heads/gh/comments/65/5020358695
e497de8a8fbdfaac1af0e030e3fbf71ef9e1b408	refs/heads/gh/comments/65/5020387259
a5d87a61ee27c70a8e35c474ac0270500dd67c95	refs/heads/gh/comments/66/5020499948
d92c58e2a53ddd97127b8250e37de2eeeda36180	refs/heads/gh/comments/66/5020537555
899af30234626a819014bb8ef951e3b84b0f618d	refs/heads/gh/comments/67/5021344991
2c0071cdb5ecf25d5b4f345b7da099c21a8cb6f7	refs/heads/gh/comments/67/5023532435
3e2ffaf7a181cb8d367f364bdb0e3c4898855a68	refs/heads/gh/comments/68/5024071895
3c3caee99ebc1576fa1dee0e05faf67c52b34498	refs/heads/gh/comments/68/5024084154
a1464ea58cfe6d1e3ab554d7e3396e42504f2ce0	refs/heads/gh/comments/68/5034441739
32c50d0f40879cb039697a8d47b5c93d37c7e3a6	refs/heads/gh/comments/68/5064589006
54684b1d94a1f446c3eafac7bf889c3da6d44b06	refs/heads/gh/comments/69/5064692043
5412bf73ac3b14fd66e877a6c8c07c6a6e53a8bb	refs/heads/gh/comments/69/5065041600
873c458d9596af3139faa050a080edf88fb7de67	refs/heads/gh/comments/70/5064737824
1341bf65ec3dda12497271c96ca4f050bc6adf47	refs/heads/gh/comments/70/5065416254
a402559290b1197e3e737e93711263d2312b7cdb	refs/heads/tasks/completions/5/virusdave/top-level/38/1f8b906524d302ac79b4e41d1d3e5b052d74cde9
e0611ff6d57168859cd32fa0f907841cf3360ddf	refs/heads/tasks/delegated/5/virusdave/top-level/38
