product_group_id,image_uuid,url
35749,"9272c65d-9060-49ac-9d53-f4066a1c13ed","https://prime.sweedpos.com/store_setup/products/product/35749"
35769,"c4f05af3-72c7-4652-a139-606e8526ba2b","https://prime.sweedpos.com/store_setup/products/product/35769"
35718,"ad0f9007-b328-49f7-bda7-85cb892ebc09","https://prime.sweedpos.com/store_setup/products/product/35718"
36043,"f500f82f-a329-414b-8138-6aec49f4e835","https://prime.sweedpos.com/store_setup/products/product/36043"
37656,"05ca82bc-b453-4f43-ab26-6af454b1dffb","https://prime.sweedpos.com/store_setup/products/product/37656"
35843,"e6e3dcb6-baf3-48c1-9724-ae6eeac239d0","https://prime.sweedpos.com/store_setup/products/product/35843"
35840,"769474ba-c77f-4b69-bf36-074612fa29cb","https://prime.sweedpos.com/store_setup/products/product/35840"
35878,"","https://prime.sweedpos.com/store_setup/products/product/35878"
35841,"0e172b21-c2ad-4fde-b4e4-218e5b2e174a","https://prime.sweedpos.com/store_setup/products/product/35841"
35743,"18925a81-6f68-4c6e-904f-1994b041078a","https://prime.sweedpos.com/store_setup/products/product/35743"
35842,"9d857edf-2f93-4d21-a6b4-013d8576c83a","https://prime.sweedpos.com/store_setup/products/product/35842"
71952,"8cba83ae-7a48-4b01-933c-4b1858da979c","https://prime.sweedpos.com/store_setup/products/product/71952"
35756,"12b9c6cc-0831-426f-ba68-af6f12088247","https://prime.sweedpos.com/store_setup/products/product/35756"
35788,"4a9993b4-e150-4dda-80c7-1b200297d59f","https://prime.sweedpos.com/store_setup/products/product/35788"
35800,"7328670e-fa7e-42f3-9fe0-bfab49837902","https://prime.sweedpos.com/store_setup/products/product/35800"
35839,"bb3966a0-c0df-40a1-a991-d9709d5ac926","https://prime.sweedpos.com/store_setup/products/product/35839"
35870,"1e593df3-8d9a-4999-802d-3e023ea8e040","https://prime.sweedpos.com/store_setup/products/product/35870"
35720,"0df3a55f-324d-4b05-8a39-3cb16438eac5","https://prime.sweedpos.com/store_setup/products/product/35720"
35722,"a2d4d310-de4d-42b1-9021-325de5dab222","https://prime.sweedpos.com/store_setup/products/product/35722"
35732,"af61f1ea-1bc2-4c2f-96fd-97bb3d194347","https://prime.sweedpos.com/store_setup/products/product/35732"
37759,"107da972-5bae-413c-8eed-7e500b328158","https://prime.sweedpos.com/store_setup/products/product/37759"
79570,"536b8ca2-41ea-49bf-a3ef-b47c5ec5116d","https://prime.sweedpos.com/store_setup/products/product/79570"
35869,"eff32c83-4f4a-48fa-a238-27da8d62f2a5","https://prime.sweedpos.com/store_setup/products/product/35869"
35867,"","https://prime.sweedpos.com/store_setup/products/product/35867"
35868,"f60be8ff-758f-4726-8705-4e2fe3ab983a","https://prime.sweedpos.com/store_setup/products/product/35868"
72809,"73fbf632-e5fe-4437-aba7-bc83550ef97b","https://prime.sweedpos.com/store_setup/products/product/72809"
35677,"130e0616-9925-4d73-ac0f-bf0aadc3009d","https://prime.sweedpos.com/store_setup/products/product/35677"
35723,"08653353-1c1b-4bfa-ae87-cf9c48908234","https://prime.sweedpos.com/store_setup/products/product/35723"
35738,"5a293248-b4e5-46a5-afd0-be64c0e9cf03","https://prime.sweedpos.com/store_setup/products/product/35738"
35831,"d258d7a8-dbad-4a3c-9f00-7767b95eba41","https://prime.sweedpos.com/store_setup/products/product/35831"
35832,"87b59534-1a95-4263-abdf-2b1c5f6eb02d","https://prime.sweedpos.com/store_setup/products/product/35832"
35702,"1d07fa33-33e7-464e-bf8a-3036c1fed795","https://prime.sweedpos.com/store_setup/products/product/35702"
35703,"22d17925-921c-4678-9e29-67a34f0a1420","https://prime.sweedpos.com/store_setup/products/product/35703"
35705,"1956d6ce-7dcc-432a-bea4-e6802c38ff91","https://prime.sweedpos.com/store_setup/products/product/35705"
35706,"52728946-1d6f-4ed7-9a50-23faef1affc8","https://prime.sweedpos.com/store_setup/products/product/35706"
43990,"97f2e036-08de-4ac7-ad19-d2ec628bc576","https://prime.sweedpos.com/store_setup/products/product/43990"
35704,"c949c8fa-4d9c-4119-9c7a-92016fb0595f","https://prime.sweedpos.com/store_setup/products/product/35704"
35775,"727e6869-1ecd-47b0-9666-ff2b918566b1","https://prime.sweedpos.com/store_setup/products/product/35775"
73098,"7574eea0-e52c-4540-b6f6-2850b958228f","https://prime.sweedpos.com/store_setup/products/product/73098"
35795,"da6127de-2c95-4ea9-a49a-ccc30db1d975","https://prime.sweedpos.com/store_setup/products/product/35795"
35736,"5f5bbb55-98a7-4b80-a32f-7aa1b76905eb","https://prime.sweedpos.com/store_setup/products/product/35736"
35871,"121a807b-7e95-430c-9e44-0db77779e754","https://prime.sweedpos.com/store_setup/products/product/35871"
35715,"8c0ea257-d690-4603-a93c-d2366b288875","https://prime.sweedpos.com/store_setup/products/product/35715"
35724,"e9b26204-9245-4b19-b3f7-7b37751aab28","https://prime.sweedpos.com/store_setup/products/product/35724"
35725,"085e9a98-ff67-4d1e-a557-884c58039b05","https://prime.sweedpos.com/store_setup/products/product/35725"
35726,"8ff12b56-3d91-49e7-a5e7-490a72e0cbb0","https://prime.sweedpos.com/store_setup/products/product/35726"
35729,"7c76bab5-9c00-4b59-a774-e27f4d8a6836","https://prime.sweedpos.com/store_setup/products/product/35729"
35731,"d47d4356-8b63-4dff-a8c6-ac7ae6b680f4","https://prime.sweedpos.com/store_setup/products/product/35731"
35708,"805e37e5-9933-4bd8-8f4f-79862fd423a1","https://prime.sweedpos.com/store_setup/products/product/35708"
35762,"9b7ab444-2ba4-4aef-a2ea-670a16164ad2","https://prime.sweedpos.com/store_setup/products/product/35762"
35763,"8b59c2ce-d96d-42ac-9b65-51b69fe4f511","https://prime.sweedpos.com/store_setup/products/product/35763"
35771,"66ac51a0-d73c-4a0c-9302-0322fdab2bbe","https://prime.sweedpos.com/store_setup/products/product/35771"
35776,"4adc44bf-6fc8-4045-9899-e08d012e6846","https://prime.sweedpos.com/store_setup/products/product/35776"
35781,"f47d09ed-1138-4640-8aa0-7d8bf66d8473","https://prime.sweedpos.com/store_setup/products/product/35781"
35789,"b6478f69-18e3-4600-953a-27391ed48ab2","https://prime.sweedpos.com/store_setup/products/product/35789"
35825,"23b590ca-fa11-4053-b704-1e8cc6626a3e","https://prime.sweedpos.com/store_setup/products/product/35825"
35874,"b7ebac29-0cc0-4fb8-a511-e0b304195132","https://prime.sweedpos.com/store_setup/products/product/35874"
44169,"a134bc5d-8c1d-4906-9c88-d6af0c083de2","https://prime.sweedpos.com/store_setup/products/product/44169"
79484,"10db4201-6382-4714-9e43-03d64e142aa4","https://prime.sweedpos.com/store_setup/products/product/79484"
35707,"0fce7e84-d32f-46a6-a9fd-c734dc0dd8c3","https://prime.sweedpos.com/store_setup/products/product/35707"
35740,"225aaa46-0276-4055-9db6-82cb615a74fc","https://prime.sweedpos.com/store_setup/products/product/35740"
35819,"12c2e59f-1702-4e7b-b097-8c294c6de4fb","https://prime.sweedpos.com/store_setup/products/product/35819"
35751,"dbd3503f-9005-4129-a9f7-07282b0508dc","https://prime.sweedpos.com/store_setup/products/product/35751"
35689,"794af953-6943-4e09-94d5-06d367ecdfd8","https://prime.sweedpos.com/store_setup/products/product/35689"
35697,"16c35700-621c-458a-9212-0779cd9667eb","https://prime.sweedpos.com/store_setup/products/product/35697"
35680,"92aa5672-bac1-4a29-ac54-d499870b90f4","https://prime.sweedpos.com/store_setup/products/product/35680"
35734,"20d02289-b9e9-4790-aab7-242a48b0d2b1","https://prime.sweedpos.com/store_setup/products/product/35734"
35818,"26c53452-2eef-452c-9cb3-430e6fc68e84","https://prime.sweedpos.com/store_setup/products/product/35818"
35802,"504df804-9715-48f4-8b54-d4e9fe7d8815","https://prime.sweedpos.com/store_setup/products/product/35802"
35681,"46f58c12-4340-43fe-9e29-8777352dde8a","https://prime.sweedpos.com/store_setup/products/product/35681"
35691,"44b9afc0-1dd8-4fd3-a234-97f8fcbdc979","https://prime.sweedpos.com/store_setup/products/product/35691"
35846,"cdedd910-d98b-4da7-9e63-f17caccc8a34","https://prime.sweedpos.com/store_setup/products/product/35846"
35847,"64db6235-a61d-4faa-a20a-617601cb3f32","https://prime.sweedpos.com/store_setup/products/product/35847"
35848,"","https://prime.sweedpos.com/store_setup/products/product/35848"
76656,"49503e58-c37c-4e21-9f94-d4057126c41a","https://prime.sweedpos.com/store_setup/products/product/76656"
35737,"a2a6977b-fc09-450e-b91e-558f5cd1ac82","https://prime.sweedpos.com/store_setup/products/product/35737"
35678,"8f124e55-8c77-4252-9b71-39249c472d60","https://prime.sweedpos.com/store_setup/products/product/35678"
35679,"8be5ae4a-745a-49a8-b845-e929a1a8f7eb","https://prime.sweedpos.com/store_setup/products/product/35679"
35821,"c1f1755a-8d98-41a8-9179-7d63d9c3ce2a","https://prime.sweedpos.com/store_setup/products/product/35821"
35823,"6c515f97-41ec-4099-89d4-b2ca78009f28","https://prime.sweedpos.com/store_setup/products/product/35823"
73299,"ed4dab8e-b3fc-458f-a171-f43067a87175","https://prime.sweedpos.com/store_setup/products/product/73299"
35824,"ed67f3bd-2bb3-4dc4-8305-a1b98fb26bfe","https://prime.sweedpos.com/store_setup/products/product/35824"
35828,"b63d90f3-0ada-418d-bd7e-0d2fdd988a2d","https://prime.sweedpos.com/store_setup/products/product/35828"
35834,"1390adb7-7bff-4376-b67b-421cd4c5f1e0","https://prime.sweedpos.com/store_setup/products/product/35834"
35882,"9e57814c-e08e-4c45-a772-208a6c6d039c","https://prime.sweedpos.com/store_setup/products/product/35882"
35692,"10cb5d2e-a6d7-4ac7-ba8f-adcc4b1b73f1","https://prime.sweedpos.com/store_setup/products/product/35692"
35693,"b0a0c8d3-f92b-4fdc-871a-0af93344c863","https://prime.sweedpos.com/store_setup/products/product/35693"
35694,"c4227892-a467-4777-b2c5-1052db60ca4a","https://prime.sweedpos.com/store_setup/products/product/35694"
35712,"7560b0c9-7750-4cc2-9438-4a9c7966e55e","https://prime.sweedpos.com/store_setup/products/product/35712"
35716,"318aaeb4-d6a8-46f5-9165-ce5b1262a7b3","https://prime.sweedpos.com/store_setup/products/product/35716"
35792,"20341b4b-ee2b-47bd-9949-e87e88c4a36c","https://prime.sweedpos.com/store_setup/products/product/35792"
73121,"b4ebd3c0-e4a3-4873-a6f8-15f11db6244b","https://prime.sweedpos.com/store_setup/products/product/73121"
73137,"f469762f-7ed9-43e4-9f8e-da96152bc207","https://prime.sweedpos.com/store_setup/products/product/73137"
35741,"e22b518c-6556-4c85-8f3c-05504fb394ff","https://prime.sweedpos.com/store_setup/products/product/35741"
35745,"4f50ad5c-8ef1-4c61-b4b3-f569c8e0f87e","https://prime.sweedpos.com/store_setup/products/product/35745"
35746,"c8cc8b79-285c-4f06-ab7b-60d99d2a2bb1","https://prime.sweedpos.com/store_setup/products/product/35746"
35747,"6a70d988-fb53-473e-a12b-0d7fee1c18e5","https://prime.sweedpos.com/store_setup/products/product/35747"
35750,"8ff159c9-fe6f-45b3-82ac-3c66e472db66","https://prime.sweedpos.com/store_setup/products/product/35750"
78752,"3a8d70a4-f4f0-4d88-8c35-f72b44da8d55","https://prime.sweedpos.com/store_setup/products/product/78752"
35810,"3ea2d8bb-64b8-4d64-b0e5-4b3a6082b645","https://prime.sweedpos.com/store_setup/products/product/35810"
35797,"92d3090c-d13e-4398-be13-f4b72589f387","https://prime.sweedpos.com/store_setup/products/product/35797"
35798,"f697becf-a822-4ed8-b72f-f2b20b666512","https://prime.sweedpos.com/store_setup/products/product/35798"
35709,"3260551b-4fa8-42f1-b14f-f968f5d2cefc","https://prime.sweedpos.com/store_setup/products/product/35709"
35711,"677d3c66-d5f8-45bf-b3b5-1b6f4b7fc334","https://prime.sweedpos.com/store_setup/products/product/35711"
35710,"1cceb7f8-3086-4d6f-b9fd-6803f01cd884","https://prime.sweedpos.com/store_setup/products/product/35710"
35676,"15648539-5e79-465d-b922-6cbc46c92448","https://prime.sweedpos.com/store_setup/products/product/35676"
35779,"8b4a7e83-5d5d-4807-bcd5-1d20c641de67","https://prime.sweedpos.com/store_setup/products/product/35779"
35695,"6640b44d-49f3-42c0-aa94-2946058c731e","https://prime.sweedpos.com/store_setup/products/product/35695"
35820,"002306e1-3ea9-4806-8efb-2f0a88bfa77b","https://prime.sweedpos.com/store_setup/products/product/35820"
35835,"77a124a8-0600-4770-b975-df0137aa27b3","https://prime.sweedpos.com/store_setup/products/product/35835"
35699,"dc2098e3-62d3-4042-bf4e-b8e1f570f8d8","https://prime.sweedpos.com/store_setup/products/product/35699"
35808,"065bd517-e1a7-42b8-8973-65113510e037","https://prime.sweedpos.com/store_setup/products/product/35808"
35816,"36260e22-9319-4a29-9ab3-1be23ab854f4","https://prime.sweedpos.com/store_setup/products/product/35816"
35817,"49064075-0e93-4618-9970-e52dd1c9190e","https://prime.sweedpos.com/store_setup/products/product/35817"
35742,"b8f2618a-528d-46b9-b88d-141ff76307ae","https://prime.sweedpos.com/store_setup/products/product/35742"
35759,"3db6882c-1ede-495a-bd19-cf29bf509c1d","https://prime.sweedpos.com/store_setup/products/product/35759"
35761,"b7a56f7d-4b92-4c78-8277-d3b5ef671e9b","https://prime.sweedpos.com/store_setup/products/product/35761"
79483,"9a272cf1-2f44-4bc9-bb4d-f87ea9e4b738","https://prime.sweedpos.com/store_setup/products/product/79483"
35811,"11093828-1ac3-48d1-8d0a-4bd0d0accda2","https://prime.sweedpos.com/store_setup/products/product/35811"
35812,"e55724bd-e423-4e22-aab1-0ece5f66b320","https://prime.sweedpos.com/store_setup/products/product/35812"
35813,"3e4ff5c2-cdc0-4afa-a5dd-8deb4552e69e","https://prime.sweedpos.com/store_setup/products/product/35813"
35814,"5251ba68-b946-4118-921c-d89e46569dac","https://prime.sweedpos.com/store_setup/products/product/35814"
35701,"a603e214-66a7-41a4-9514-e82802cdb72b","https://prime.sweedpos.com/store_setup/products/product/35701"
35772,"1fbae82d-e60f-4439-b9bc-76aee53bae5b","https://prime.sweedpos.com/store_setup/products/product/35772"
35778,"d080ae83-daaf-4beb-baf8-b6d9b64bd392","https://prime.sweedpos.com/store_setup/products/product/35778"
35728,"da638b8d-8084-4594-bbeb-2e2903f8397a","https://prime.sweedpos.com/store_setup/products/product/35728"
35760,"ef67f641-c238-4168-953e-68028c0ef66b","https://prime.sweedpos.com/store_setup/products/product/35760"
35815,"0785468c-ccc2-4f84-acf3-c1aa6f3d2a5c","https://prime.sweedpos.com/store_setup/products/product/35815"
35690,"7943e3fe-465e-43a7-885b-e2e053527033","https://prime.sweedpos.com/store_setup/products/product/35690"
35696,"47280827-fa3b-4441-b4a4-76ea17d1861b","https://prime.sweedpos.com/store_setup/products/product/35696"
35698,"cbde7e39-5f98-4948-99fa-fd0fb91935d4","https://prime.sweedpos.com/store_setup/products/product/35698"
35735,"65b2e6a2-8d88-4ed0-a1f5-d0430f4c4455","https://prime.sweedpos.com/store_setup/products/product/35735"
35791,"7796a7a0-4496-4b5b-9981-74c920883c81","https://prime.sweedpos.com/store_setup/products/product/35791"
35793,"0fd8d357-3318-4971-be4d-21e4134d30d3","https://prime.sweedpos.com/store_setup/products/product/35793"
35806,"d66b6291-28d2-49d9-9b4d-b7cce596a263","https://prime.sweedpos.com/store_setup/products/product/35806"
60621,"eb6baad8-91ef-49b3-a208-23440d3724c8","https://prime.sweedpos.com/store_setup/products/product/60621"
35872,"063c6dcb-a7c0-423a-8b96-481248cb5604","https://prime.sweedpos.com/store_setup/products/product/35872"
35873,"e31127fb-b914-4c95-b36a-6e37eb780faf","https://prime.sweedpos.com/store_setup/products/product/35873"
72351,"f5181b75-9b77-4fac-8f21-62de39e3e171","https://prime.sweedpos.com/store_setup/products/product/72351"
72358,"e905ca85-aada-4d96-90dc-939b50072cfb","https://prime.sweedpos.com/store_setup/products/product/72358"
35748,"5416fd0c-d541-48d5-8f00-863b3b47ee2c","https://prime.sweedpos.com/store_setup/products/product/35748"
37784,"edee0742-726c-424b-982f-e6b66260008c","https://prime.sweedpos.com/store_setup/products/product/37784"
35752,"ff6e0937-31a4-404d-9a27-28d11c99930d","https://prime.sweedpos.com/store_setup/products/product/35752"
35755,"412fdcbb-892c-4b3b-ac36-ea7287ba5628","https://prime.sweedpos.com/store_setup/products/product/35755"
79304,"","https://prime.sweedpos.com/store_setup/products/product/79304"
80674,"d7f1e582-c71d-4985-9848-d6cb3d1fb244","https://prime.sweedpos.com/store_setup/products/product/80674"
35875,"","https://prime.sweedpos.com/store_setup/products/product/35875"
35826,"4107e2bd-0288-4d79-9380-c49c7cd33fe4","https://prime.sweedpos.com/store_setup/products/product/35826"
35829,"3fd0ef12-0878-4b60-9537-333ef65e3803","https://prime.sweedpos.com/store_setup/products/product/35829"
35830,"cdb04832-7989-4bf5-807d-eef58c26ae65","https://prime.sweedpos.com/store_setup/products/product/35830"
35768,"b3f4df8b-9ebe-49d9-8662-8a02dc926f63","https://prime.sweedpos.com/store_setup/products/product/35768"
35786,"8ccfae69-d4df-4591-a242-4f90dec54604","https://prime.sweedpos.com/store_setup/products/product/35786"
35687,"441bb7ad-9dae-4a8c-8e7f-921e4f389290","https://prime.sweedpos.com/store_setup/products/product/35687"
35686,"870dd43f-762b-4f6f-93e7-d557527d4c14","https://prime.sweedpos.com/store_setup/products/product/35686"
35764,"9a3a5bc7-d4d2-4123-9be0-140ce25d152b","https://prime.sweedpos.com/store_setup/products/product/35764"
35765,"de49f253-d0df-45af-a6e0-f89c0a154033","https://prime.sweedpos.com/store_setup/products/product/35765"
35766,"a7a4286d-83b7-4202-b4fd-2b7ac6c6243f","https://prime.sweedpos.com/store_setup/products/product/35766"
76975,"62a98f4a-180f-4b9c-aa85-88435c0a656f","https://prime.sweedpos.com/store_setup/products/product/76975"
35787,"2ba67b46-13b5-4d3c-9776-3b9c010b08dc","https://prime.sweedpos.com/store_setup/products/product/35787"
35753,"139f3521-7aea-4e44-bed6-e40bcb1880ce","https://prime.sweedpos.com/store_setup/products/product/35753"
35754,"e29cbe26-ef40-4163-98eb-d6cd174b180f","https://prime.sweedpos.com/store_setup/products/product/35754"
35757,"a324c9bd-5398-4abc-b348-9fc1b900aa07","https://prime.sweedpos.com/store_setup/products/product/35757"
67079,"0c54f4d3-4cc5-44c0-9a10-a46b3c8078e9","https://prime.sweedpos.com/store_setup/products/product/67079"
79303,"","https://prime.sweedpos.com/store_setup/products/product/79303"
80671,"d96e46dc-d6c2-4128-8c0b-e0f4ec3931b2","https://prime.sweedpos.com/store_setup/products/product/80671"
35744,"09b58518-6e81-4eae-9f5d-548a88a6f4a5","https://prime.sweedpos.com/store_setup/products/product/35744"
35777,"1eb9fa7b-3774-49e2-8624-0837dbee5948","https://prime.sweedpos.com/store_setup/products/product/35777"
35782,"ca0ba660-887b-4e9b-a90f-a52c2d36acad","https://prime.sweedpos.com/store_setup/products/product/35782"
35807,"82af078e-4012-4308-869f-853cd8661b88","https://prime.sweedpos.com/store_setup/products/product/35807"
35783,"299a0fcd-2a3a-43e8-b96f-1cbc4bf69fa1","https://prime.sweedpos.com/store_setup/products/product/35783"
35784,"3af6ebb8-d678-489f-8a8a-b16fd53c32b4","https://prime.sweedpos.com/store_setup/products/product/35784"
35700,"2625f507-d8d9-4e13-89c0-e71132e8af08","https://prime.sweedpos.com/store_setup/products/product/35700"
35727,"a3941b4f-b495-441d-8840-53f0b23ae429","https://prime.sweedpos.com/store_setup/products/product/35727"
53613,"0f1814f6-fb2e-40df-b3fc-d3262a860930","https://prime.sweedpos.com/store_setup/products/product/53613"
35836,"8d1ba61a-e0b1-4cd1-b456-389f8db49aa3","https://prime.sweedpos.com/store_setup/products/product/35836"
35838,"59011b0c-0ae5-4a72-b5c3-b8f8564cf0bb","https://prime.sweedpos.com/store_setup/products/product/35838"
35865,"c1b1b39e-3493-4e12-9849-bee4ac717319","https://prime.sweedpos.com/store_setup/products/product/35865"
35858,"3d8dd3e0-c33c-4c13-9737-27c01694774f","https://prime.sweedpos.com/store_setup/products/product/35858"
35851,"5195201e-073c-4e3e-9cc4-c933566a4810","https://prime.sweedpos.com/store_setup/products/product/35851"
35852,"3cc573b8-d060-44d8-9151-b22ff49c0b91","https://prime.sweedpos.com/store_setup/products/product/35852"
35854,"23427df0-1fb9-4931-8e9a-7f7bbc565711","https://prime.sweedpos.com/store_setup/products/product/35854"
35855,"d390d079-2833-4fdf-9035-562783b6879e","https://prime.sweedpos.com/store_setup/products/product/35855"
35853,"e01a6a67-ec2a-4040-8b05-7dde8e690f80","https://prime.sweedpos.com/store_setup/products/product/35853"
35856,"32b96107-5798-4706-b087-f0569ad21f00","https://prime.sweedpos.com/store_setup/products/product/35856"
35866,"ab74dd7e-9eed-4f7d-a7d5-98df28a3f1da","https://prime.sweedpos.com/store_setup/products/product/35866"
35857,"f4a5bfad-1160-415e-b8ca-c191aa870c85","https://prime.sweedpos.com/store_setup/products/product/35857"
35862,"1c0af044-9d42-406b-a52f-25e097aef228","https://prime.sweedpos.com/store_setup/products/product/35862"
35859,"fa5fcf01-2f23-4170-8e12-4b630be608bc","https://prime.sweedpos.com/store_setup/products/product/35859"
35860,"0db9fe67-379f-4992-99db-ea00e8eb9296","https://prime.sweedpos.com/store_setup/products/product/35860"
35861,"2ae7c302-bc8c-4a85-9f16-ae398488570c","https://prime.sweedpos.com/store_setup/products/product/35861"
35864,"df2c5394-2b49-48c9-b9fa-c1c33656fe83","https://prime.sweedpos.com/store_setup/products/product/35864"
35863,"2cf878a1-a2f5-460d-b48e-8b029438a732","https://prime.sweedpos.com/store_setup/products/product/35863"
71256,"1c92609a-d72a-4deb-a461-d0df356b3da3","https://prime.sweedpos.com/store_setup/products/product/71256"
53588,"7555e6ba-0067-42b0-8817-8c7d1e8f5a53","https://prime.sweedpos.com/store_setup/products/product/53588"
69770,"9e369caa-7d0f-45be-964d-83e2b16aa216","https://prime.sweedpos.com/store_setup/products/product/69770"
73099,"4d4cb670-3a2a-43e6-8405-4795fea6e997","https://prime.sweedpos.com/store_setup/products/product/73099"
35822,"165af885-d863-423e-a6f1-038cfe657969","https://prime.sweedpos.com/store_setup/products/product/35822"
35827,"97c3d226-55c9-4f06-8718-eeae09e35710","https://prime.sweedpos.com/store_setup/products/product/35827"
35833,"590fbba7-3a73-4391-8bb6-f393ed9bcef8","https://prime.sweedpos.com/store_setup/products/product/35833"
60614,"cd02ba92-e739-4e7d-9282-82f5c87e74ac","https://prime.sweedpos.com/store_setup/products/product/60614"
35683,"57f21198-3865-4f35-b158-b654be5a110c","https://prime.sweedpos.com/store_setup/products/product/35683"
35685,"22acea0e-d875-4d0d-80cf-a81a622e126d","https://prime.sweedpos.com/store_setup/products/product/35685"
35794,"1d0578d7-97aa-4610-a486-217d9453d056","https://prime.sweedpos.com/store_setup/products/product/35794"
76767,"b42c1525-6175-45fa-a464-903bcd49f629","https://prime.sweedpos.com/store_setup/products/product/76767"
35796,"","https://prime.sweedpos.com/store_setup/products/product/35796"
35845,"90f4cd31-11d3-47f8-9d59-02cdaa42a14c","https://prime.sweedpos.com/store_setup/products/product/35845"
71511,"0349bbcd-7878-4f05-ad94-84c711dddc33","https://prime.sweedpos.com/store_setup/products/product/71511"
72451,"f9063eeb-10c0-4c6e-8b5b-865f0185398b","https://prime.sweedpos.com/store_setup/products/product/72451"
35717,"73ef1556-a4dc-4ff7-8838-59d7b3777fac","https://prime.sweedpos.com/store_setup/products/product/35717"
35801,"298d09ce-9e89-4663-adf9-46de1bbf13e1","https://prime.sweedpos.com/store_setup/products/product/35801"
35879,"0709c4bb-36c0-4ff9-a14d-7d18f01921d2","https://prime.sweedpos.com/store_setup/products/product/35879"
35684,"e4a71e2d-a472-4677-b84f-354a92c23871","https://prime.sweedpos.com/store_setup/products/product/35684"
35688,"477700bd-923a-449a-b9f5-4b4a0f235039","https://prime.sweedpos.com/store_setup/products/product/35688"
71260,"8d989e90-376f-49f0-bd10-71d6935f3ef7","https://prime.sweedpos.com/store_setup/products/product/71260"
35785,"cf458495-0332-4b29-b7a7-edddf3efd583","https://prime.sweedpos.com/store_setup/products/product/35785"
35730,"892e65ae-f669-472e-b330-891c7701f28a","https://prime.sweedpos.com/store_setup/products/product/35730"
35780,"ffb502c4-8022-4437-b362-5806bc2deb14","https://prime.sweedpos.com/store_setup/products/product/35780"
35850,"7d5556f5-29dc-4296-bdb9-4dc185c0b9bf","https://prime.sweedpos.com/store_setup/products/product/35850"
73300,"91a989e7-b9b8-49ca-ba64-b936bef66706","https://prime.sweedpos.com/store_setup/products/product/73300"
72432,"f84f6d93-5c36-4d87-8457-991e6a30ccce","https://prime.sweedpos.com/store_setup/products/product/72432"
35844,"a20a074e-2efb-4106-9628-79a61d2a1c60","https://prime.sweedpos.com/store_setup/products/product/35844"
72452,"2811b275-9a50-46f9-8dfa-a3cd61ae6ae5","https://prime.sweedpos.com/store_setup/products/product/72452"
35682,"d92731fe-0178-4b13-9e3b-53851b908ef7","https://prime.sweedpos.com/store_setup/products/product/35682"
35849,"ab47cec6-bcd2-4859-afc3-84e068408e13","https://prime.sweedpos.com/store_setup/products/product/35849"
35799,"750bca05-c8ee-439e-b4f9-8e7e1e57cca9","https://prime.sweedpos.com/store_setup/products/product/35799"
35837,"1eb9255e-0348-4493-a0a1-bd9039f774da","https://prime.sweedpos.com/store_setup/products/product/35837"
35803,"a9b2f019-2fd3-4e8e-86cf-6e9445a616de","https://prime.sweedpos.com/store_setup/products/product/35803"
35804,"d3cf3ebb-e7cf-497a-a807-fd7ca8eff21c","https://prime.sweedpos.com/store_setup/products/product/35804"
35805,"06087761-91de-4ff2-ad1a-0f4710eb3018","https://prime.sweedpos.com/store_setup/products/product/35805"
35880,"caa99cce-df7f-4ae5-8849-afd872d01631","https://prime.sweedpos.com/store_setup/products/product/35880"
35767,"3f23182c-6c36-46af-a5dd-d6593092c747","https://prime.sweedpos.com/store_setup/products/product/35767"
35719,"c6dc7b09-7df2-4227-bba2-c216726ae98b","https://prime.sweedpos.com/store_setup/products/product/35719"
35910,"ff9c27a9-c96a-4e98-8cfb-2de0b70e3b91","https://prime.sweedpos.com/store_setup/products/product/35910"
35906,"8c8eb225-6a75-4f75-b918-df4e416d883a","https://prime.sweedpos.com/store_setup/products/product/35906"
73105,"d7ddb6c8-f9c1-46df-992e-8539d1642a62","https://prime.sweedpos.com/store_setup/products/product/73105"
35921,"fbfb43f9-fbab-4e7f-b1c4-c90548aa359f","https://prime.sweedpos.com/store_setup/products/product/35921"
35945,"b73e35d2-a3ec-48c3-b37a-6f049312f67d","https://prime.sweedpos.com/store_setup/products/product/35945"
79480,"984c5b0e-6796-4043-9ec2-5ffe6949593a","https://prime.sweedpos.com/store_setup/products/product/79480"
35999,"24341860-07ac-4515-8d5f-728f9f55301e","https://prime.sweedpos.com/store_setup/products/product/35999"
71314,"06b6ea6c-1d7e-47ac-9c2e-288c2b15d172","https://prime.sweedpos.com/store_setup/products/product/71314"
35933,"ef04c106-64f3-4c58-a081-4b040b1c8423","https://prime.sweedpos.com/store_setup/products/product/35933"
35967,"29f4ce98-0e23-49c1-8445-5c4309c958e7","https://prime.sweedpos.com/store_setup/products/product/35967"
35968,"71cfa661-0f73-42dd-b68a-2a4b40882518","https://prime.sweedpos.com/store_setup/products/product/35968"
60623,"d7cb615e-8a9d-4cca-8ea2-b7871899db35","https://prime.sweedpos.com/store_setup/products/product/60623"
36002,"28e171c3-1f54-4a67-9efa-e0bf4e89b5ad","https://prime.sweedpos.com/store_setup/products/product/36002"
35896,"d6ed273b-f2bc-4e6a-a0f2-75554d63b944","https://prime.sweedpos.com/store_setup/products/product/35896"
35897,"03db2aa5-0636-426b-b0ad-656cbd5b694b","https://prime.sweedpos.com/store_setup/products/product/35897"
35903,"3ee84b34-f0cc-420c-9354-edac531dfb63","https://prime.sweedpos.com/store_setup/products/product/35903"
35904,"dd7c45f9-1013-46c6-bd23-11972d21ba5e","https://prime.sweedpos.com/store_setup/products/product/35904"
35905,"82906761-3604-479f-9573-128cda2f77e2","https://prime.sweedpos.com/store_setup/products/product/35905"
35907,"439bb065-f321-41ef-b473-eab6b6ca5e24","https://prime.sweedpos.com/store_setup/products/product/35907"
35911,"","https://prime.sweedpos.com/store_setup/products/product/35911"
35919,"cdc4f23d-9b5f-4734-b310-77cdd3f944a7","https://prime.sweedpos.com/store_setup/products/product/35919"
35920,"e3bb6fd3-490d-445f-965b-20ecfea7d98b","https://prime.sweedpos.com/store_setup/products/product/35920"
35960,"536dc256-b515-40b6-9bfe-b51a98df701f","https://prime.sweedpos.com/store_setup/products/product/35960"
35966,"e95b2b80-3750-4121-94e0-da68b07cf35a","https://prime.sweedpos.com/store_setup/products/product/35966"
35985,"2c5b25be-9abb-46eb-b315-59e370099447","https://prime.sweedpos.com/store_setup/products/product/35985"
35986,"b8729b42-3e1b-46d1-bb77-5253c507c2a9","https://prime.sweedpos.com/store_setup/products/product/35986"
35995,"df89c955-ee46-44f5-93a6-eddb5bcd1b22","https://prime.sweedpos.com/store_setup/products/product/35995"
35996,"2c82cf7d-9e0b-4b59-8191-e867adc93881","https://prime.sweedpos.com/store_setup/products/product/35996"
36000,"8e993b4e-2c44-470f-8420-658930c25140","https://prime.sweedpos.com/store_setup/products/product/36000"
36003,"4db4ca4c-aefc-4349-921e-ed8a98d5090b","https://prime.sweedpos.com/store_setup/products/product/36003"
36007,"e80949c3-574b-4df0-a69c-5a75d024d33b","https://prime.sweedpos.com/store_setup/products/product/36007"
36011,"4e67dc94-63e0-480a-b000-57a795a6d28d","https://prime.sweedpos.com/store_setup/products/product/36011"
36029,"d6e893b4-a2a9-4021-9540-8dbb3113a310","https://prime.sweedpos.com/store_setup/products/product/36029"
36042,"ab247d82-0fed-4c14-86f6-300f1e665dd8","https://prime.sweedpos.com/store_setup/products/product/36042"
36059,"c8621540-f6ad-4dd0-957a-b6dcfb2bbdaf","https://prime.sweedpos.com/store_setup/products/product/36059"
36060,"94cddb58-8a5c-46c2-a489-d4f2fb5ef7fc","https://prime.sweedpos.com/store_setup/products/product/36060"
36080,"96fa90f2-0929-458a-8ad6-64aaf7a0b429","https://prime.sweedpos.com/store_setup/products/product/36080"
67751,"a4070ff8-38e9-4e43-9f31-c471c4388fa9","https://prime.sweedpos.com/store_setup/products/product/67751"
69772,"57c340dd-d68c-4425-83d5-81824f096f5d","https://prime.sweedpos.com/store_setup/products/product/69772"
71739,"062ed801-6c42-4636-bf43-f33e7fa1e4d4","https://prime.sweedpos.com/store_setup/products/product/71739"
72195,"227c3dd4-df3d-4695-8be3-066af250cdd5","https://prime.sweedpos.com/store_setup/products/product/72195"
72200,"5faa2c59-c7b6-4af3-a6a7-05c318f54551","https://prime.sweedpos.com/store_setup/products/product/72200"
72337,"","https://prime.sweedpos.com/store_setup/products/product/72337"
72436,"07203692-cc67-4175-8aac-f3c9fbe19988","https://prime.sweedpos.com/store_setup/products/product/72436"
73083,"c2186921-40f1-43e5-baf1-f2fd9ed76f9d","https://prime.sweedpos.com/store_setup/products/product/73083"
76651,"ff301bd8-7ddb-440a-a5cd-3b9ff852321c","https://prime.sweedpos.com/store_setup/products/product/76651"
76949,"2cb82eef-94c5-4630-9be8-e61070312aa5","https://prime.sweedpos.com/store_setup/products/product/76949"
43984,"5a5095c0-a2dd-4589-8a2e-c6bb3c9dc8ec","https://prime.sweedpos.com/store_setup/products/product/43984"
72203,"cdf08fce-5df8-497f-9158-84c12cc6f04b","https://prime.sweedpos.com/store_setup/products/product/72203"
37785,"d2b0137e-ef30-4f68-9b15-2a21d2c852a1","https://prime.sweedpos.com/store_setup/products/product/37785"
37787,"4b686d48-55ff-405e-a1a6-86ef31d3f9e0","https://prime.sweedpos.com/store_setup/products/product/37787"
71313,"d71eba86-9c83-4b2c-962e-728670b6e4b8","https://prime.sweedpos.com/store_setup/products/product/71313"
36010,"d042758d-ad2c-4930-88c0-431f2896b698","https://prime.sweedpos.com/store_setup/products/product/36010"
79302,"","https://prime.sweedpos.com/store_setup/products/product/79302"
80670,"d0442b8b-d504-43e2-bdd9-5dad2214d781","https://prime.sweedpos.com/store_setup/products/product/80670"
37786,"be3b3068-9da2-4d72-9802-2b9d1b2bf249","https://prime.sweedpos.com/store_setup/products/product/37786"
67789,"4cf9f71a-8a78-4076-a215-cb88c728d349","https://prime.sweedpos.com/store_setup/products/product/67789"
69738,"9194e933-b681-490f-9ea0-c9fd958ab0aa","https://prime.sweedpos.com/store_setup/products/product/69738"
70399,"54cf4e60-f2db-405c-9a5b-09e5df1648c0","https://prime.sweedpos.com/store_setup/products/product/70399"
71242,"fee1cfc3-f711-47d3-995c-690d4603dbb9","https://prime.sweedpos.com/store_setup/products/product/71242"
36013,"b36207e7-8e72-4cdb-a3e5-011f5f99b932","https://prime.sweedpos.com/store_setup/products/product/36013"
36061,"4ba5621e-59e9-497f-8de9-47f5fd274594","https://prime.sweedpos.com/store_setup/products/product/36061"
36009,"ed1cfe3f-8898-4693-9a67-5040a26c1333","https://prime.sweedpos.com/store_setup/products/product/36009"
36078,"de556509-a1bb-4643-a22d-cab412ae74e2","https://prime.sweedpos.com/store_setup/products/product/36078"
35917,"70bc3e9d-bbbd-426a-9865-3886041031b5","https://prime.sweedpos.com/store_setup/products/product/35917"
35918,"4d3639e4-c423-4990-82fa-f568aa01c5cc","https://prime.sweedpos.com/store_setup/products/product/35918"
36082,"8922624e-409a-4793-83fa-eaae169c5dc3","https://prime.sweedpos.com/store_setup/products/product/36082"
35900,"4867aa57-79b8-4d28-b52d-d08c78de1fed","https://prime.sweedpos.com/store_setup/products/product/35900"
35901,"7865477b-88f4-41b3-a403-7054816c621a","https://prime.sweedpos.com/store_setup/products/product/35901"
36055,"be6103d6-a528-4e34-9bd9-0901fe93390b","https://prime.sweedpos.com/store_setup/products/product/36055"
36057,"4dc2050c-3748-4032-ac9e-2fe4d0c9d9ae","https://prime.sweedpos.com/store_setup/products/product/36057"
72350,"0f41ec79-edba-4929-9d79-b9739bbc3dc1","https://prime.sweedpos.com/store_setup/products/product/72350"
72357,"63f8c97a-caba-4b60-b5c1-120ba4506974","https://prime.sweedpos.com/store_setup/products/product/72357"
76641,"f4c84f45-099c-4f25-8293-6c21f1beffd5","https://prime.sweedpos.com/store_setup/products/product/76641"
67156,"278cb9f1-c5e8-4dfc-9168-f67b1ac6ee17","https://prime.sweedpos.com/store_setup/products/product/67156"
36081,"cbf004e2-6c80-4f5c-9e5f-991e22d56372","https://prime.sweedpos.com/store_setup/products/product/36081"
36054,"8d52f4b4-75e1-4f91-9388-997eb5359aa8","https://prime.sweedpos.com/store_setup/products/product/36054"
35934,"43da14be-6e9b-4d3d-87ab-685b531bd956","https://prime.sweedpos.com/store_setup/products/product/35934"
35949,"4404b024-1bce-4b56-a02c-e55121f344a0","https://prime.sweedpos.com/store_setup/products/product/35949"
71501,"aa7b3915-f6db-4bd0-81cd-baac600f1daa","https://prime.sweedpos.com/store_setup/products/product/71501"
35893,"48bd13a5-db4a-4928-a0d9-4dadf5fd4119","https://prime.sweedpos.com/store_setup/products/product/35893"
35887,"8bf9ab08-fe47-4873-b1de-6df318d3d105","https://prime.sweedpos.com/store_setup/products/product/35887"
35889,"74c78767-0993-47b4-bd03-2abde6dcae6c","https://prime.sweedpos.com/store_setup/products/product/35889"
36023,"f1698dc4-9c2f-4b98-a4fa-617b5bdabf60","https://prime.sweedpos.com/store_setup/products/product/36023"
36024,"c0d5811f-5237-4482-9e76-29543f2eb8f6","https://prime.sweedpos.com/store_setup/products/product/36024"
36031,"16a2bc87-e4b8-4dd0-939a-a3e865d00a41","https://prime.sweedpos.com/store_setup/products/product/36031"
35952,"448ec151-2e48-4009-b66d-206cc5d1261c","https://prime.sweedpos.com/store_setup/products/product/35952"
35953,"64a0a11a-22ff-4e20-9575-08b739976d74","https://prime.sweedpos.com/store_setup/products/product/35953"
35954,"5fccd575-6c8c-4c8f-8d89-7fa5b0fe6417","https://prime.sweedpos.com/store_setup/products/product/35954"
35899,"dab00721-e76a-49c0-b285-341a6fedfedb","https://prime.sweedpos.com/store_setup/products/product/35899"
35898,"df7669f2-b54f-49ba-b63d-e40c01c1e24b","https://prime.sweedpos.com/store_setup/products/product/35898"
76801,"e7bf0f27-da06-4e82-99c2-5d56390cfe6c","https://prime.sweedpos.com/store_setup/products/product/76801"
76907,"d3603592-0a90-455c-95a4-546ed3adf7af","https://prime.sweedpos.com/store_setup/products/product/76907"
36076,"790fa74b-c2d1-4112-baa4-f86206423370","https://prime.sweedpos.com/store_setup/products/product/36076"
35908,"5b462fda-18f1-424e-8cca-5889ff4ad2d2","https://prime.sweedpos.com/store_setup/products/product/35908"
35895,"040debcd-446a-4f40-aa0e-8786af4dd7fc","https://prime.sweedpos.com/store_setup/products/product/35895"
35894,"0af1553b-9303-4470-8003-b4259ec810e3","https://prime.sweedpos.com/store_setup/products/product/35894"
36065,"7b4851ae-c959-4d35-a14f-e79b71f133e8","https://prime.sweedpos.com/store_setup/products/product/36065"
36062,"2cd625fc-3c32-4d5a-9293-d39e58e6b0da","https://prime.sweedpos.com/store_setup/products/product/36062"
72774,"039b962e-570f-4bec-b2f6-b8b1d1cb1b6c","https://prime.sweedpos.com/store_setup/products/product/72774"
72810,"69d9db75-bfa3-4d96-8eb3-e32e50620f4e","https://prime.sweedpos.com/store_setup/products/product/72810"
35976,"8682d2e0-c3fd-4c43-babf-5de417abbfe2","https://prime.sweedpos.com/store_setup/products/product/35976"
72463,"85be427c-243d-4a80-aa51-24b552732d0f","https://prime.sweedpos.com/store_setup/products/product/72463"
35998,"a33797ac-f0b5-4168-806f-70496c4633be","https://prime.sweedpos.com/store_setup/products/product/35998"
36049,"b283b2c0-d137-4ca2-9cab-1ad54dd4d33c","https://prime.sweedpos.com/store_setup/products/product/36049"
35971,"1c1faef2-2541-412b-a6cc-0b6870a0cac1","https://prime.sweedpos.com/store_setup/products/product/35971"
35970,"3577c953-5ce9-4b51-821c-4c471f42429d","https://prime.sweedpos.com/store_setup/products/product/35970"
35973,"c8332dd8-ce63-4e70-9bdf-b791780065a7","https://prime.sweedpos.com/store_setup/products/product/35973"
35972,"dc8130bc-e8c9-4c21-a939-26a5196a077c","https://prime.sweedpos.com/store_setup/products/product/35972"
35974,"6c8f8068-ea0d-4495-a04b-9813a792a56d","https://prime.sweedpos.com/store_setup/products/product/35974"
36033,"c4834422-563d-4650-8cdd-a72ab0023df6","https://prime.sweedpos.com/store_setup/products/product/36033"
36035,"d7a5f89e-c647-4e9f-93f3-8fc0b5d95d5e","https://prime.sweedpos.com/store_setup/products/product/36035"
36036,"82ea599a-0721-47e9-8380-cb1d3f7c02c5","https://prime.sweedpos.com/store_setup/products/product/36036"
36037,"45711b35-8062-40b6-a9f6-8adffabdb6f7","https://prime.sweedpos.com/store_setup/products/product/36037"
35927,"5f99d6bf-12ba-4437-9730-fb97bafb2c81","https://prime.sweedpos.com/store_setup/products/product/35927"
35924,"ed77a569-3cc0-4166-adf0-00b9204f5fef","https://prime.sweedpos.com/store_setup/products/product/35924"
35923,"bfc9e08e-55cb-491b-9d18-37a5bb6e0d46","https://prime.sweedpos.com/store_setup/products/product/35923"
35925,"be087bcb-50c1-49d0-baf1-72e1251b633f","https://prime.sweedpos.com/store_setup/products/product/35925"
35926,"50618e38-b339-4636-ae8a-bef82651e295","https://prime.sweedpos.com/store_setup/products/product/35926"
36041,"f1779a36-0c19-4fac-8d9b-2003e9a79ee5","https://prime.sweedpos.com/store_setup/products/product/36041"
36083,"94534799-3391-4022-912c-506f00df1da4","https://prime.sweedpos.com/store_setup/products/product/36083"
36005,"6c71d2dc-6416-46ce-8036-0d9f64f6b5e8","https://prime.sweedpos.com/store_setup/products/product/36005"
35977,"1d4d6830-a18c-4e8d-ae53-155ccb2f2839","https://prime.sweedpos.com/store_setup/products/product/35977"
35983,"16cf094f-1226-4352-a376-f191559b6de0","https://prime.sweedpos.com/store_setup/products/product/35983"
35957,"a2e8304a-ca43-46b7-a1ca-b35b4e169b75","https://prime.sweedpos.com/store_setup/products/product/35957"
35978,"46d63c6f-9acf-404c-a224-8d6fdc15b6d6","https://prime.sweedpos.com/store_setup/products/product/35978"
35979,"b176f7ab-e690-4b4c-a5ab-1eddb39425c8","https://prime.sweedpos.com/store_setup/products/product/35979"
35955,"9a1e646e-6248-4703-ba6e-a848f686fdb8","https://prime.sweedpos.com/store_setup/products/product/35955"
35956,"8c91aea8-357a-4d98-902e-916b320ca729","https://prime.sweedpos.com/store_setup/products/product/35956"
67103,"d33c348a-77ee-4ef7-9f30-15da538fc825","https://prime.sweedpos.com/store_setup/products/product/67103"
67101,"79d6dabe-65ed-4c91-a529-ac1d0b8a4174","https://prime.sweedpos.com/store_setup/products/product/67101"
35951,"f7feb61d-09cb-4abe-996a-12bac9ec50a9","https://prime.sweedpos.com/store_setup/products/product/35951"
35959,"e6563f69-e81f-4eff-ad0c-318a6d841e23","https://prime.sweedpos.com/store_setup/products/product/35959"
35963,"3173727e-34ea-4b9d-8063-2711aca7ef11","https://prime.sweedpos.com/store_setup/products/product/35963"
35886,"d92f9a2a-8888-45f2-8589-63f89b3c2d85","https://prime.sweedpos.com/store_setup/products/product/35886"
36056,"99f9644c-cfbf-486d-b57d-d934087ed24f","https://prime.sweedpos.com/store_setup/products/product/36056"
36058,"270f5786-c37a-43a2-ae40-936b48871082","https://prime.sweedpos.com/store_setup/products/product/36058"
72349,"031d707c-e81e-4f2f-9cdc-0a8d331a54e3","https://prime.sweedpos.com/store_setup/products/product/72349"
72356,"b172ab0d-8679-477d-8a85-d57ab649cb8a","https://prime.sweedpos.com/store_setup/products/product/72356"
36050,"53a76ffb-b703-4c44-97eb-a0ba9addfa7d","https://prime.sweedpos.com/store_setup/products/product/36050"
35964,"8266b9e9-2da0-46ab-9826-e92d3de49c27","https://prime.sweedpos.com/store_setup/products/product/35964"
76765,"32d27dcc-00ef-4b51-95e9-71ad1830db59","https://prime.sweedpos.com/store_setup/products/product/76765"
76650,"c10d98a4-b03e-47c6-b7e8-dcb34690fd83","https://prime.sweedpos.com/store_setup/products/product/76650"
35994,"c5887de4-872e-4dbf-8423-62ac250fce3e","https://prime.sweedpos.com/store_setup/products/product/35994"
35915,"1e4c3ebd-37cb-4923-b493-77a16a89b860","https://prime.sweedpos.com/store_setup/products/product/35915"
36027,"da57c734-0555-44ce-835d-8574862e0f1a","https://prime.sweedpos.com/store_setup/products/product/36027"
35948,"1a8d091b-cdc5-40ff-95e2-4b9833f0c06e","https://prime.sweedpos.com/store_setup/products/product/35948"
35950,"1fdbb1b3-7c48-4fd2-92cc-9bae90df5438","https://prime.sweedpos.com/store_setup/products/product/35950"
35946,"d4487c0a-c441-4668-97c0-bd285e5585c1","https://prime.sweedpos.com/store_setup/products/product/35946"
35902,"a8874ade-03fc-4e43-8286-dd90e41c0394","https://prime.sweedpos.com/store_setup/products/product/35902"
60950,"3f8ed172-510a-4bbe-8585-8558f0321883","https://prime.sweedpos.com/store_setup/products/product/60950"
35982,"ebe3b9f5-c38b-4287-a475-d18b3c0ef030","https://prime.sweedpos.com/store_setup/products/product/35982"
36015,"1bab47fd-72ec-4a7a-8132-b8c71e42552b","https://prime.sweedpos.com/store_setup/products/product/36015"
36016,"c5a155a6-2273-484d-a564-c0c8237ceebe","https://prime.sweedpos.com/store_setup/products/product/36016"
72359,"0c6668a6-4765-4477-810b-96ab22e95357","https://prime.sweedpos.com/store_setup/products/product/72359"
36019,"a4df774f-f78c-41de-a16e-3c64bf76a28e","https://prime.sweedpos.com/store_setup/products/product/36019"
71819,"15562ce2-a476-46ee-a15d-f87314e19afd","https://prime.sweedpos.com/store_setup/products/product/71819"
35890,"aa97a7d3-a5f0-4017-b4c4-79430dbce1a6","https://prime.sweedpos.com/store_setup/products/product/35890"
35891,"a4a9150c-a601-48aa-966a-a9609dddaa1c","https://prime.sweedpos.com/store_setup/products/product/35891"
35892,"","https://prime.sweedpos.com/store_setup/products/product/35892"
36008,"4ffc781a-1127-42de-b5c5-a278d0c98020","https://prime.sweedpos.com/store_setup/products/product/36008"
36045,"8435bcf4-caa5-4d33-b5f0-5b1d6be38e5c","https://prime.sweedpos.com/store_setup/products/product/36045"
35937,"6041350f-1cb8-4984-9396-0d5df9237a4d","https://prime.sweedpos.com/store_setup/products/product/35937"
35884,"451b80ae-e275-48e9-9c87-25bd5b8db9f7","https://prime.sweedpos.com/store_setup/products/product/35884"
36012,"1c2418d2-50d0-45b7-aaef-26d74c29144c","https://prime.sweedpos.com/store_setup/products/product/36012"
35883,"","https://prime.sweedpos.com/store_setup/products/product/35883"
35984,"e2fba2d9-c2c4-47a2-bb23-6230d513c11f","https://prime.sweedpos.com/store_setup/products/product/35984"
35913,"a8da47b3-fa94-428b-ae7b-50e42cc74d1d","https://prime.sweedpos.com/store_setup/products/product/35913"
35914,"e0e5af29-3af3-43b6-9935-3143d8f58209","https://prime.sweedpos.com/store_setup/products/product/35914"
35916,"0ba4db60-c021-411c-a6d5-d3375a7b2d58","https://prime.sweedpos.com/store_setup/products/product/35916"
35944,"d81bcf3c-08ca-4cb9-b1fe-06070d1c2149","https://prime.sweedpos.com/store_setup/products/product/35944"
35947,"02a4b3d3-ea30-45c1-b22e-48bdcfdfb52b","https://prime.sweedpos.com/store_setup/products/product/35947"
36004,"40ffacc2-4b0c-46fb-b959-8f0b5f436e7c","https://prime.sweedpos.com/store_setup/products/product/36004"
47170,"ed420ac1-5c58-4aa5-a805-94146ec15e40","https://prime.sweedpos.com/store_setup/products/product/47170"
35997,"44e599b0-f17e-4f12-a296-d2dd2d5945ba","https://prime.sweedpos.com/store_setup/products/product/35997"
35980,"f8bff241-5084-4906-be64-3eb9557db278","https://prime.sweedpos.com/store_setup/products/product/35980"
35981,"e34bed71-92d5-49af-861f-d63697816abd","https://prime.sweedpos.com/store_setup/products/product/35981"
36032,"09ad4a85-e81e-4690-9b16-62f58ddf9e26","https://prime.sweedpos.com/store_setup/products/product/36032"
36034,"d83fcc1f-fc6b-4327-a936-5507cf64236b","https://prime.sweedpos.com/store_setup/products/product/36034"
36039,"cf01ce72-8777-4ef0-8f5c-c80017e15bd2","https://prime.sweedpos.com/store_setup/products/product/36039"
35990,"c4ece817-46d4-49d6-bfd1-894671ea31aa","https://prime.sweedpos.com/store_setup/products/product/35990"
35929,"b87351e3-5bad-4bb7-9156-c8d59f4da962","https://prime.sweedpos.com/store_setup/products/product/35929"
35930,"39302e94-9f40-450d-9deb-8ff69587668e","https://prime.sweedpos.com/store_setup/products/product/35930"
35938,"b464acaf-8c65-407d-97e8-d3158a358e50","https://prime.sweedpos.com/store_setup/products/product/35938"
35941,"7edf9291-3b16-4e31-b437-7ac018ff4cf9","https://prime.sweedpos.com/store_setup/products/product/35941"
35931,"818f6c92-0293-43ee-a3de-29ac03ce4c48","https://prime.sweedpos.com/store_setup/products/product/35931"
35932,"833cb589-5784-4b2a-8c4a-029580f8f3e8","https://prime.sweedpos.com/store_setup/products/product/35932"
69635,"76ed81b0-30db-463a-8dfa-cbe268a087fa","https://prime.sweedpos.com/store_setup/products/product/69635"
35962,"9e133db6-d492-44e2-9ff1-86a5faa8d8c8","https://prime.sweedpos.com/store_setup/products/product/35962"
76786,"05eb6179-3dae-4b43-80c4-66946b1edc8f","https://prime.sweedpos.com/store_setup/products/product/76786"
36048,"14519f04-c302-4e34-80e3-0253ff9c6611","https://prime.sweedpos.com/store_setup/products/product/36048"
35989,"34829991-734c-4b47-9d57-19cbe650ad36","https://prime.sweedpos.com/store_setup/products/product/35989"
72812,"1d72b08c-2fd2-439f-aea7-24c6dfb4138d","https://prime.sweedpos.com/store_setup/products/product/72812"
36064,"5e135449-70c7-4e1f-a3b1-6d5a7fe6d653","https://prime.sweedpos.com/store_setup/products/product/36064"
72817,"3e215bca-810c-4c0f-9886-9cd1dd0ea1a9","https://prime.sweedpos.com/store_setup/products/product/72817"
69736,"fb116e62-b7a8-433f-9108-b5dce27b0f7c","https://prime.sweedpos.com/store_setup/products/product/69736"
35961,"5e7a7af5-063d-476f-87d5-4ec6be4dec10","https://prime.sweedpos.com/store_setup/products/product/35961"
36006,"dacc9715-2b69-4512-be2e-91236d419711","https://prime.sweedpos.com/store_setup/products/product/36006"
36026,"c0a1a8d7-bee3-4210-9aaf-660cca1f462b","https://prime.sweedpos.com/store_setup/products/product/36026"
36028,"e1c597bd-fe3f-44d3-83a5-b1bd4e963109","https://prime.sweedpos.com/store_setup/products/product/36028"
79490,"0bf8ca5a-beff-495b-aaab-758b2a223829","https://prime.sweedpos.com/store_setup/products/product/79490"
76928,"323c8f43-a3ba-4ee0-bff4-3d01e558d934","https://prime.sweedpos.com/store_setup/products/product/76928"
36021,"784887d3-cba1-4d31-b8c8-f47c8406919a","https://prime.sweedpos.com/store_setup/products/product/36021"
36017,"77e8f41f-7174-4cea-bc79-ffd84796199f","https://prime.sweedpos.com/store_setup/products/product/36017"
35936,"b2bd63ac-abdf-4b4a-a271-137f5e4b1d85","https://prime.sweedpos.com/store_setup/products/product/35936"
36040,"2ce1ce1a-8fe5-4722-bbd4-2300a04eaaad","https://prime.sweedpos.com/store_setup/products/product/36040"
35988,"31586c9c-1cae-4d59-81af-6e5f29dd0b87","https://prime.sweedpos.com/store_setup/products/product/35988"
35993,"6ff05d15-9a3f-4ca8-850d-1b17b23df962","https://prime.sweedpos.com/store_setup/products/product/35993"
36075,"78631b7d-99a2-44b8-bc50-5e61234d6ece","https://prime.sweedpos.com/store_setup/products/product/36075"
35922,"3b9d5f80-bfee-457d-8c00-14957986482a","https://prime.sweedpos.com/store_setup/products/product/35922"
35943,"58b2f172-8deb-4179-bdda-4eac44754efb","https://prime.sweedpos.com/store_setup/products/product/35943"
36069,"f882cb3a-8b21-4f9a-8b02-486c6207a53d","https://prime.sweedpos.com/store_setup/products/product/36069"
73296,"c99cc9f0-542a-4f70-81e7-5696dc9d6685","https://prime.sweedpos.com/store_setup/products/product/73296"
36014,"6e4c78c9-3d75-491d-856a-5c51fd010304","https://prime.sweedpos.com/store_setup/products/product/36014"
36077,"43441636-3efa-4d77-8776-c8859e10b1a1","https://prime.sweedpos.com/store_setup/products/product/36077"
35965,"f7ea6a0d-261a-4b1e-9756-611362270e3d","https://prime.sweedpos.com/store_setup/products/product/35965"
35969,"53cbbcf5-277d-4c92-9f11-c3b0a69684fc","https://prime.sweedpos.com/store_setup/products/product/35969"
35975,"9e55b300-3b89-4dc4-a4f7-54276564656c","https://prime.sweedpos.com/store_setup/products/product/35975"
79482,"6b6cecc4-af82-47c4-9689-c9321da049b2","https://prime.sweedpos.com/store_setup/products/product/79482"
35909,"68109fb5-61fa-4610-a262-e0eeb48d15fe","https://prime.sweedpos.com/store_setup/products/product/35909"
36074,"7cb85509-9bd9-44b2-bf3c-ae15efdfb493","https://prime.sweedpos.com/store_setup/products/product/36074"
35885,"8865b0d3-b261-4edf-952e-b44b887bddde","https://prime.sweedpos.com/store_setup/products/product/35885"
36020,"f039f492-469b-419b-9c88-a398f244f61e","https://prime.sweedpos.com/store_setup/products/product/36020"
36022,"88fe0af0-b7b5-4262-b430-c292f81f4e73","https://prime.sweedpos.com/store_setup/products/product/36022"
36025,"fa86de0b-6c23-4d4a-b356-208e13cd14d2","https://prime.sweedpos.com/store_setup/products/product/36025"
36030,"976c33b4-10cc-4dff-8d6d-93d2edb893b5","https://prime.sweedpos.com/store_setup/products/product/36030"
36018,"69670032-6e6b-4c7b-ae7a-6c2b19cff2d4","https://prime.sweedpos.com/store_setup/products/product/36018"
36063,"3566a5c3-d349-4f55-95c4-5865c8233e83","https://prime.sweedpos.com/store_setup/products/product/36063"
44000,"0d659339-3e6a-4322-b34b-b67b77b400b5","https://prime.sweedpos.com/store_setup/products/product/44000"
36046,"b60d24c5-8375-40a8-bd2b-ea42d434401d","https://prime.sweedpos.com/store_setup/products/product/36046"
36047,"2e8643b7-70c1-44f6-be31-b7150895ec0c","https://prime.sweedpos.com/store_setup/products/product/36047"
35992,"a0eafcb3-c8a6-4b8c-8430-5ea771f169b5","https://prime.sweedpos.com/store_setup/products/product/35992"
36066,"8f1b8bc3-55df-4174-a035-9a6bf416333a","https://prime.sweedpos.com/store_setup/products/product/36066"
35928,"1ce01d5b-40c7-47b2-9c19-86b847987e51","https://prime.sweedpos.com/store_setup/products/product/35928"
35935,"d7473881-3db2-41eb-9dad-5b82ed0430e0","https://prime.sweedpos.com/store_setup/products/product/35935"
35939,"9179ea7e-6cb5-4b12-bf41-6f65b51518d6","https://prime.sweedpos.com/store_setup/products/product/35939"
35942,"a70d13e7-e4d7-4421-9b4a-1612de2b90ac","https://prime.sweedpos.com/store_setup/products/product/35942"
35940,"602f97fb-be02-4a67-925b-a6d0f42b89f1","https://prime.sweedpos.com/store_setup/products/product/35940"
35987,"e2783411-c561-4cec-ab53-55ab57483cdc","https://prime.sweedpos.com/store_setup/products/product/35987"
35991,"2b1c0b21-73b1-4a46-8584-a8c997e5de6e","https://prime.sweedpos.com/store_setup/products/product/35991"
79487,"50454843-a5bf-4240-aaaa-67050f26c35c","https://prime.sweedpos.com/store_setup/products/product/79487"
35958,"5175d591-dd9a-45c0-9e08-5d86b19f54d8","https://prime.sweedpos.com/store_setup/products/product/35958"
36044,"0e3814c5-61c9-4520-9472-aacaabe46757","https://prime.sweedpos.com/store_setup/products/product/36044"
36052,"7ce0397e-ea72-4ffc-b18a-c5bf60f69f26","https://prime.sweedpos.com/store_setup/products/product/36052"
36053,"c6c8eeec-e164-4aa4-a17b-661e14297469","https://prime.sweedpos.com/store_setup/products/product/36053"
36001,"2bb24b7f-4982-4663-8a13-ded3c2b35daf","https://prime.sweedpos.com/store_setup/products/product/36001"
36051,"ce86cde1-89ee-4526-b188-4753c911deb7","https://prime.sweedpos.com/store_setup/products/product/36051"
36079,"e31ccd98-5240-4669-9cef-19c471b75588","https://prime.sweedpos.com/store_setup/products/product/36079"
37802,"6f1f3ff6-e0d2-484c-8ab3-df1f9cdc002e","https://prime.sweedpos.com/store_setup/products/product/37802"
36072,"963295ea-e312-4fe5-b218-2f911281c47d","https://prime.sweedpos.com/store_setup/products/product/36072"
36073,"6819aed8-80d2-46d6-9e15-a6bc035a9f94","https://prime.sweedpos.com/store_setup/products/product/36073"
36071,"951ff491-88a6-4457-bdf9-bcd11cd9d995","https://prime.sweedpos.com/store_setup/products/product/36071"
36264,"27a0af1d-6e89-4ef3-b4fc-04ff13e5151b","https://prime.sweedpos.com/store_setup/products/product/36264"
37791,"fb926eb5-4c10-4ffd-88b7-3bac3c958548","https://prime.sweedpos.com/store_setup/products/product/37791"
36180,"88dd01b9-54fe-462f-922a-a4ea380c7348","https://prime.sweedpos.com/store_setup/products/product/36180"
36181,"59a473b3-9193-42a5-8b70-55abc362fbda","https://prime.sweedpos.com/store_setup/products/product/36181"
37792,"dbd9094e-168c-4c65-b9b5-9833c14022e5","https://prime.sweedpos.com/store_setup/products/product/37792"
36085,"1b8f488f-6c14-40ac-90a0-8363174612fd","https://prime.sweedpos.com/store_setup/products/product/36085"
36133,"c94c863f-9c83-4ad2-a8a6-74690580c026","https://prime.sweedpos.com/store_setup/products/product/36133"
36123,"42f98fa5-add1-43f2-bc26-51ed72b8cc8b","https://prime.sweedpos.com/store_setup/products/product/36123"
36124,"ffabf5ed-5ac7-4304-b1d2-4a4d5f7fb8ce","https://prime.sweedpos.com/store_setup/products/product/36124"
36153,"7d7c9361-b0f6-4665-93d5-f2d9095fd7be","https://prime.sweedpos.com/store_setup/products/product/36153"
36157,"f1b1d44f-3ff3-4268-96bb-e97286a66b3f","https://prime.sweedpos.com/store_setup/products/product/36157"
36158,"c17dee82-5f4a-48b0-acea-4c54fa8b455e","https://prime.sweedpos.com/store_setup/products/product/36158"
36103,"2983a34b-82d8-4b19-8340-293a4ceef2c8","https://prime.sweedpos.com/store_setup/products/product/36103"
36115,"bfafa877-fbdc-4243-a593-fc9258bf60ab","https://prime.sweedpos.com/store_setup/products/product/36115"
67784,"1b3806e0-058a-4909-8920-207660dcaef0","https://prime.sweedpos.com/store_setup/products/product/67784"
36113,"a270d921-c8b9-4314-ba86-7c2de52d32d6","https://prime.sweedpos.com/store_setup/products/product/36113"
